-- Script de Migració Finances V6
-- Generat automàticament

BEGIN TRANSACTION;

-- ESBORRAR TOTES LES DADES EXISTENTS (ordre invers de dependències)
DELETE FROM transaction_splits;
DELETE FROM transactions;
DELETE FROM people;
DELETE FROM events;
DELETE FROM categories;
DELETE FROM accounts;

-- COMPTES
INSERT INTO accounts (id, user_id, nom, tipus, logo, color, saldo, data_modificacio, eliminat) VALUES ('c6883cae-c1e2-4889-aae6-bab2e820a112', 'usr_701e78a629ca02a4', 'Revolut', 'banc', 'data:image/png;base64,iVBORw0KGgoAAAANSUhEUgAAAOEAAADhCAMAAAAJbSJIAAAAe1BMVEX///8AAAD5+fnNzc29vb2FhYUwMDB5eXn4+PjY2NjJycl1dXX09PTAwMC5ubkUFBTt7e1bW1uJiYnl5eUqKipQUFCWlpYRERFCQkIdHR3f399/f3+pqanX19clJSUICAg2NjZsbGxNTU2wsLBGRkaenp5aWlpjY2MgICCH5sopAAAFTElEQVR4nO2di1LiQBBFmagYEAVFBBEVXF38/y/cRdcqt1b7Jpnu21PZPh8wNcckzqMfDAZBEARBEARBEARBEARBEARBEARBEARB8B9Q1ZUWtbfL14yTKtdnV+ejylvqL450Dd94WFysy7G0MPzN4+Jm5q32ByPDA3djb7k3DA1TWh176w2MDVPajrwFrQ3T8nTec8OUpud9N0zpqveGaeX5plIM0/VR3w1T8lsbWYbJbWmkGaYfvTf0eopEQ6dvkWl463LcYBqmn703TDe9N0z3vTd85t9ukA0d3lO2YaL/P6Ub7tiG8xMdzvarZTPFNVtRjcl6vL9tYHjqPdEsJi+PWNH74iaXDTT0vdRQYH0JDLeFhnCaU50BxTLuwrO4kg3vvOenwF40XHpPTwP5W+zBazpYTyXDF+/paSAuGgvv2WlQbyVF79mp8EMyZG5rJkcCWScdaSN+oTX9Boi5GFkTkRbFjdb0GyCeD7PucI+FgZlbUzvDiTAwc1djZzgQDovMg76h4fP3A18Sr9wMDYXN6c/eGz4Rj4iGhsLue680+yYYGq6+H7gn36FwvDhTmn0T7AxnwsD9WPEvhIGZ0Qs7wzth4F7sSytpYGbGopmheD5Um34DrAwrYc+WrvXmj7EyvJHGPdGbP8bIUL5ro6ZH2RjWC2lYbvTJxnAnCm71pt8AE0MQt+Dm8BkYTuSoRVpy49z6hvdPsiA790vbsAZvaNe/W3d0DWfiMvjOihwCVjOs5+PNEPtx77sPNDec7IcSD+Ia/+kRsjPbmhu+NDNAsB9hC0OUf9CMIVuwheGpiiE/54ts6JCGwTV8mvTd0KPekmroUjbDNPTJhSIaOuWY8AwXDv9lqIbPToI0Q/p2lG3oUvH0DsfQM/GZYsgMxPwDwXDq2znC3tA7Nd/a8NK99Yet4bCAfGdLw9VFCZUVdoa7Ap7fARvD6W7jtUn7B/2bqOHi7rgYvUEbQ1yyNd2dbMajUnp8fdDcsEIVW4UWT7a41Z/B+snHkt7OD9rELXAHQma+WlNaRWZw5MyrRYtAu9gTDi6V9ym2M7yHhlu+AqBl/BAvGcV9im0jpHjdd2zr9SVtDfGS8VDYkt86yj2CD5HeF0KmfRwfLxkefXa+p0OmgpyzdqCoT7GD4foVGfJD2QJdsk2kHPV3Sqq475RPg5cM556ln+lkWD8gw2k5DUy65UTh3RuzskmmY9YXzl8rpqtA17w2vGQ4tGb7kq6Gc3iQmhZy4O+cm3gOH2Ihu7fu2ZcnULGEjuxZ+aWwe1kZS0aG4Rw+xCeShEhOjjDOOC1h95aVBb2DigVEZ7IMZ9fIcOi/ZORlsuO+kv5LRmauPt69ueZhHMg0rISi+3eW3oH83HqLESxCeHYOdWdXlBTfCTK/ZgYf+H2XjHzDSuxbduDWdfemUPeElwxmo49202t4OMB3xJ5LhkrtGnxPPcOKKoYzeEd8ayoholN/KLaIeMOvA7RShSVOmKJX5X2gZFjDU4ZbWFGrShaHFb0O/Gp1wMXu3tQMqx1ULPCXdFpdB85guKbAX9Jpd+GJk8JcLqY0Ow6UmRSm2lMBHvg9Si9UDe/hbz+U9ks6rQMPJd4RK/c22UFFelhR2XCC8zPZS4Z2fxoc4WffEav3GMJhRXKEX7+LEjzwL7kXU/qGc7hkcA/8Br2+CksKs+jXhj9FZlKYhSFOCmPeEZv03FvDh0hMCrPpm4jDirw8YqPunrgKjJZHbNW/FKb0v7JOGVa/UYKXDNanWNXV9+QkUkjjZg8eBEEQBEEQBEEQBEEQBEEQBEEQBEEQBAXzC38+TW2enyXlAAAAAElFTkSuQmCC', '#191c1f', 0, 1773264415476, false);
INSERT INTO accounts (id, user_id, nom, tipus, logo, color, saldo, data_modificacio, eliminat) VALUES ('0e75ae44-3e6e-4c74-af37-4f1b4d0f48d4', 'usr_701e78a629ca02a4', 'Estalvis - Imagin', 'estalvi', 'piggy-bank', '#5c0099', 12000, 1773264415476, false);
INSERT INTO accounts (id, user_id, nom, tipus, logo, color, saldo, data_modificacio, eliminat) VALUES ('f1f77c6b-170a-4ebc-96ad-6291b1f5d829', 'usr_701e78a629ca02a4', 'Efectiu', 'efectiu', 'banknote', '#ffa200', 70, 1773264415476, false);
INSERT INTO accounts (id, user_id, nom, tipus, logo, color, saldo, data_modificacio, eliminat) VALUES ('c39414c6-56b5-419b-85dd-bf96b5c72a7a', 'usr_701e78a629ca02a4', 'Imagin', 'banc', 'data:image/png;base64,iVBORw0KGgoAAAANSUhEUgAAA1MAAALuCAYAAABLm0yDAAAA1npUWHRSYXcgcHJvZmlsZSB0eXBlIGV4aWYAAHjabVFBEsMgCLz7ij4BWTX4HJPYmf6gzy8KaZNMd8ZlAwQRQn+/nuExwJCQ8iKllkKKVFPlpkLI0CZHSpMnMgjuvfhD78RTsbpGiqWRFLPx8PsPh41NVT4Vks0D6zVQk1mWWyG7ljA6Gnr3QtULgS0QvUCzZ1GpspyfsHa6QuyEQbx5miffv9Oi09uz3gPmjghSBoo1gHFyQNMAKwM6DtVJdYYoJ0SfmQ7k35xobMa7DZdN4BcY+C7CET7oO2PS7CZkFgAAAGt6VFh0UmF3IHByb2ZpbGUgdHlwZSBpcHRjAAB42j2MQQ6AMAgE77zCJwBdqH2Oljbx5sH/R1ITZw/sJABd99NpW8Cp7FA0BCPzoyKdxY6sRU411HRlS48iNr15uHjNOZTRfVLKXEvr/ntDLwxRF6y04y6QAAABg2lDQ1BJQ0MgcHJvZmlsZQAAeJx9kT1Iw0AcxV9TRZEWBzuICGaoTnbRIh1LFYtgobQVWnUwufQLmjQkKS6OgmvBwY/FqoOLs64OroIg+AHiLjgpukiJ/0sKLWI8OO7Hu3uPu3eA0Kox1eyLA6pmGZlkQswXVsWBVwQwgSBiiErM1FPZxRw8x9c9fHy9i/As73N/jqBSNBngE4njTDcs4g3iuU1L57xPHGIVSSE+J5426ILEj1yXXX7jXHZY4JkhI5eZJw4Ri+UelnuYVQyVOEocVlSN8oW8ywrnLc5qrcE69+QvDBS1lSzXaY4jiSWkkIYIGQ1UUYOFCK0aKSYytJ/w8I85/jS5ZHJVwcixgDpUSI4f/A9+d2uWZmfcpEAC6H+x7Y9JYGAXaDdt+/vYttsngP8ZuNK6/noLiH2S3uxq4SNgeBu4uO5q8h5wuQOMPumSITmSn6ZQKgHvZ/RNBWDkFhhac3vr7OP0AchRV8s3wMEhMFWm7HWPdw/29vbvmU5/P1okcwMqVRtyAAAaimlUWHRYTUw6Y29tLmFkb2JlLnhtcAAAAAAAPD94cGFja2V0IGJlZ2luPSLvu78iIGlkPSJXNU0wTXBDZWhpSHpyZVN6TlRjemtjOWQiPz4KPHg6eG1wbWV0YSB4bWxuczp4PSJhZG9iZTpuczptZXRhLyIgeDp4bXB0az0iWE1QIENvcmUgNC40LjAtRXhpdjIiPgogPHJkZjpSREYgeG1sbnM6cmRmPSJodHRwOi8vd3d3LnczLm9yZy8xOTk5LzAyLzIyLXJkZi1zeW50YXgtbnMjIj4KICA8cmRmOkRlc2NyaXB0aW9uIHJkZjphYm91dD0iIgogICAgeG1sbnM6eG1wTU09Imh0dHA6Ly9ucy5hZG9iZS5jb20veGFwLzEuMC9tbS8iCiAgICB4bWxuczpzdEV2dD0iaHR0cDovL25zLmFkb2JlLmNvbS94YXAvMS4wL3NUeXBlL1Jlc291cmNlRXZlbnQjIgogICAgeG1sbnM6c3RSZWY9Imh0dHA6Ly9ucy5hZG9iZS5jb20veGFwLzEuMC9zVHlwZS9SZXNvdXJjZVJlZiMiCiAgICB4bWxuczp4bXBUUGc9Imh0dHA6Ly9ucy5hZG9iZS5jb20veGFwLzEuMC90L3BnLyIKICAgIHhtbG5zOnhtcEc9Imh0dHA6Ly9ucy5hZG9iZS5jb20veGFwLzEuMC9nLyIKICAgIHhtbG5zOnN0RGltPSJodHRwOi8vbnMuYWRvYmUuY29tL3hhcC8xLjAvc1R5cGUvRGltZW5zaW9ucyMiCiAgICB4bWxuczpkYz0iaHR0cDovL3B1cmwub3JnL2RjL2VsZW1lbnRzLzEuMS8iCiAgICB4bWxuczpHSU1QPSJodHRwOi8vd3d3LmdpbXAub3JnL3htcC8iCiAgICB4bWxuczpwZGY9Imh0dHA6Ly9ucy5hZG9iZS5jb20vcGRmLzEuMy8iCiAgICB4bWxuczpwaG90b3Nob3A9Imh0dHA6Ly9ucy5hZG9iZS5jb20vcGhvdG9zaG9wLzEuMC8iCiAgICB4bWxuczp0aWZmPSJodHRwOi8vbnMuYWRvYmUuY29tL3RpZmYvMS4wLyIKICAgIHhtbG5zOnhtcD0iaHR0cDovL25zLmFkb2JlLmNvbS94YXAvMS4wLyIKICAgeG1wTU06RG9jdW1lbnRJRD0ieG1wLmRpZDo4Yzc0MTg1Yi03M2E2LTQ1YmQtYTlmMi0xYjNjYjgyZDQyYzkiCiAgIHhtcE1NOkluc3RhbmNlSUQ9InhtcC5paWQ6NGZhZjQxMWQtMzRiNC00NjA0LTkxMDYtMTJkMmVjOGZkMzA0IgogICB4bXBNTTpPcmlnaW5hbERvY3VtZW50SUQ9InV1aWQ6NUQyMDg5MjQ5M0JGREIxMTkxNEE4NTkwRDMxNTA4QzgiCiAgIHhtcE1NOlJlbmRpdGlvbkNsYXNzPSJwcm9vZjpwZGYiCiAgIHhtcFRQZzpIYXNWaXNpYmxlT3ZlcnByaW50PSJGYWxzZSIKICAgeG1wVFBnOkhhc1Zpc2libGVUcmFuc3BhcmVuY3k9IkZhbHNlIgogICB4bXBUUGc6TlBhZ2VzPSIxIgogICBkYzpmb3JtYXQ9ImltYWdlL2pwZWciCiAgIEdJTVA6QVBJPSIyLjAiCiAgIEdJTVA6UGxhdGZvcm09IldpbmRvd3MiCiAgIEdJTVA6VGltZVN0YW1wPSIxNzY3MTg5NTI0MzI4NDY1IgogICBHSU1QOlZlcnNpb249IjIuMTAuMzYiCiAgIHBkZjpQcm9kdWNlcj0iQWRvYmUgUERGIGxpYnJhcnkgMTUuMDAiCiAgIHBob3Rvc2hvcDpDb2xvck1vZGU9IjMiCiAgIHBob3Rvc2hvcDpJQ0NQcm9maWxlPSJBZG9iZSBSR0IgKDE5OTgpIgogICB0aWZmOk9yaWVudGF0aW9uPSIxIgogICB4bXA6Q3JlYXRlRGF0ZT0iMjAxOS0xMC0yM1QxNzowMzowOSswMjowMCIKICAgeG1wOkNyZWF0b3JUb29sPSJHSU1QIDIuMTAiCiAgIHhtcDpNZXRhZGF0YURhdGU9IjIwMjU6MTI6MzFUMTQ6NTg6NDErMDE6MDAiCiAgIHhtcDpNb2RpZnlEYXRlPSIyMDI1OjEyOjMxVDE0OjU4OjQxKzAxOjAwIj4KICAgPHhtcE1NOkhpc3Rvcnk+CiAgICA8cmRmOlNlcT4KICAgICA8cmRmOmxpCiAgICAgIHN0RXZ0OmFjdGlvbj0ic2F2ZWQiCiAgICAgIHN0RXZ0OmNoYW5nZWQ9Ii8iCiAgICAgIHN0RXZ0Omluc3RhbmNlSUQ9InhtcC5paWQ6OTQ2ZjliZmItZTMxZC00OWNlLTgxYzItYjZiODg1MTM5OWM4IgogICAgICBzdEV2dDpzb2Z0d2FyZUFnZW50PSJBZG9iZSBJbGx1c3RyYXRvciBDQyAyMDE3IChNYWNpbnRvc2gpIgogICAgICBzdEV2dDp3aGVuPSIyMDE5LTA4LTE0VDEzOjAzOjI2KzAyOjAwIi8+CiAgICAgPHJkZjpsaQogICAgICBzdEV2dDphY3Rpb249InNhdmVkIgogICAgICBzdEV2dDpjaGFuZ2VkPSIvIgogICAgICBzdEV2dDppbnN0YW5jZUlEPSJ4bXAuaWlkOjhjNzQxODViLTczYTYtNDViZC1hOWYyLTFiM2NiODJkNDJjOSIKICAgICAgc3RFdnQ6c29mdHdhcmVBZ2VudD0iQWRvYmUgSWxsdXN0cmF0b3IgQ0MgMjAxNyAoTWFjaW50b3NoKSIKICAgICAgc3RFdnQ6d2hlbj0iMjAxOS0xMC0yM1QxNzowMzowNiswMjowMCIvPgogICAgIDxyZGY6bGkKICAgICAgc3RFdnQ6YWN0aW9uPSJjb252ZXJ0ZWQiCiAgICAgIHN0RXZ0OnBhcmFtZXRlcnM9ImZyb20gYXBwbGljYXRpb24vcGRmIHRvIGFwcGxpY2F0aW9uL3ZuZC5hZG9iZS5waG90b3Nob3AiLz4KICAgICA8cmRmOmxpCiAgICAgIHN0RXZ0OmFjdGlvbj0iZGVyaXZlZCIKICAgICAgc3RFdnQ6cGFyYW1ldGVycz0iY29udmVydGVkIGZyb20gYXBwbGljYXRpb24vdm5kLmFkb2JlLnBob3Rvc2hvcCB0byBpbWFnZS9qcGVnIi8+CiAgICAgPHJkZjpsaQogICAgICBzdEV2dDphY3Rpb249InNhdmVkIgogICAgICBzdEV2dDpjaGFuZ2VkPSIvIgogICAgICBzdEV2dDppbnN0YW5jZUlEPSJ4bXAuaWlkOjA2REFEREQxNTMyNTY4MTE4MjJBQzQ0NzZCN0QzRkIxIgogICAgICBzdEV2dDpzb2Z0d2FyZUFnZW50PSJBZG9iZSBQaG90b3Nob3AgQ1M2IChNYWNpbnRvc2gpIgogICAgICBzdEV2dDp3aGVuPSIyMDIwLTA2LTE1VDEwOjI1OjUyKzAyOjAwIi8+CiAgICAgPHJkZjpsaQogICAgICBzdEV2dDphY3Rpb249InNhdmVkIgogICAgICBzdEV2dDpjaGFuZ2VkPSIvIgogICAgICBzdEV2dDppbnN0YW5jZUlEPSJ4bXAuaWlkOjllODY1YWEyLTgxNTgtNGMwNC1iZGQ4LWIxNmEyY2VjMDc3ZCIKICAgICAgc3RFdnQ6c29mdHdhcmVBZ2VudD0iR2ltcCAyLjEwIChXaW5kb3dzKSIKICAgICAgc3RFdnQ6d2hlbj0iMjAyNS0xMi0zMVQxNDo1ODo0NCIvPgogICAgPC9yZGY6U2VxPgogICA8L3htcE1NOkhpc3Rvcnk+CiAgIDx4bXBNTTpEZXJpdmVkRnJvbQogICAgc3RSZWY6ZG9jdW1lbnRJRD0ieG1wLmRpZDo4Yzc0MTg1Yi03M2E2LTQ1YmQtYTlmMi0xYjNjYjgyZDQyYzkiCiAgICBzdFJlZjppbnN0YW5jZUlEPSJ1dWlkOmZkMDNjZDFjLWQzNDgtNDA0Ni1hNjMxLWJkMzg3ZDgxM2YzOCIKICAgIHN0UmVmOm9yaWdpbmFsRG9jdW1lbnRJRD0idXVpZDo1RDIwODkyNDkzQkZEQjExOTE0QTg1OTBEMzE1MDhDOCIKICAgIHN0UmVmOnJlbmRpdGlvbkNsYXNzPSJwcm9vZjpwZGYiLz4KICAgPHhtcFRQZzpTd2F0Y2hHcm91cHM+CiAgICA8cmRmOkJhZz4KICAgICA8cmRmOmxpPgogICAgICA8cmRmOkRlc2NyaXB0aW9uCiAgICAgICB4bXBHOmdyb3VwTmFtZT0iR3J1cG8gZGUgbXVlc3RyYXMgcG9yIGRlZmVjdG8iCiAgICAgICB4bXBHOmdyb3VwVHlwZT0iMCI+CiAgICAgIDx4bXBHOkNvbG9yYW50cz4KICAgICAgIDxyZGY6QmFnPgogICAgICAgIDxyZGY6bGkKICAgICAgICAgeG1wRzpibHVlPSIxOTciCiAgICAgICAgIHhtcEc6Z3JlZW49IjIzMyIKICAgICAgICAgeG1wRzptb2RlPSJSR0IiCiAgICAgICAgIHhtcEc6cmVkPSIwIgogICAgICAgICB4bXBHOnN3YXRjaE5hbWU9IlI9MCBHPTIzMyBCPTE5NyAxIgogICAgICAgICB4bXBHOnR5cGU9IlBST0NFU1MiLz4KICAgICAgICA8cmRmOmxpCiAgICAgICAgIHhtcEc6Ymx1ZT0iMjIxIgogICAgICAgICB4bXBHOmdyZWVuPSIyNTUiCiAgICAgICAgIHhtcEc6bW9kZT0iUkdCIgogICAgICAgICB4bXBHOnJlZD0iMjUiCiAgICAgICAgIHhtcEc6c3dhdGNoTmFtZT0iUj0yNSBHPTI1NSBCPTIyMSAxIgogICAgICAgICB4bXBHOnR5cGU9IlBST0NFU1MiLz4KICAgICAgICA8cmRmOmxpCiAgICAgICAgIHhtcEc6Ymx1ZT0iOTYiCiAgICAgICAgIHhtcEc6Z3JlZW49IjI1MiIKICAgICAgICAgeG1wRzptb2RlPSJSR0IiCiAgICAgICAgIHhtcEc6cmVkPSIwIgogICAgICAgICB4bXBHOnN3YXRjaE5hbWU9IlI9MCBHPTI1MiBCPTk2IDEiCiAgICAgICAgIHhtcEc6dHlwZT0iUFJPQ0VTUyIvPgogICAgICAgIDxyZGY6bGkKICAgICAgICAgeG1wRzpibHVlPSIyNiIKICAgICAgICAgeG1wRzpncmVlbj0iMjYiCiAgICAgICAgIHhtcEc6bW9kZT0iUkdCIgogICAgICAgICB4bXBHOnJlZD0iMjYiCiAgICAgICAgIHhtcEc6c3dhdGNoTmFtZT0iUj0yNiBHPTI2IEI9MjYgMSIKICAgICAgICAgeG1wRzp0eXBlPSJQUk9DRVNTIi8+CiAgICAgICA8L3JkZjpCYWc+CiAgICAgIDwveG1wRzpDb2xvcmFudHM+CiAgICAgIDwvcmRmOkRlc2NyaXB0aW9uPgogICAgIDwvcmRmOmxpPgogICAgPC9yZGY6QmFnPgogICA8L3htcFRQZzpTd2F0Y2hHcm91cHM+CiAgIDx4bXBUUGc6TWF4UGFnZVNpemUKICAgIHN0RGltOmg9IjYzLjUwMTM3NCIKICAgIHN0RGltOnVuaXQ9Ik1pbGxpbWV0ZXJzIgogICAgc3REaW06dz0iNzIuMDkwNjMxIi8+CiAgIDx4bXBUUGc6UGxhdGVOYW1lcz4KICAgIDxyZGY6U2VxPgogICAgIDxyZGY6bGk+Q3lhbjwvcmRmOmxpPgogICAgIDxyZGY6bGk+TWFnZW50YTwvcmRmOmxpPgogICAgIDxyZGY6bGk+WWVsbG93PC9yZGY6bGk+CiAgICAgPHJkZjpsaT5CbGFjazwvcmRmOmxpPgogICAgPC9yZGY6U2VxPgogICA8L3htcFRQZzpQbGF0ZU5hbWVzPgogICA8ZGM6dGl0bGU+CiAgICA8cmRmOkFsdD4KICAgICA8cmRmOmxpIHhtbDpsYW5nPSJ4LWRlZmF1bHQiPjFfaW1hZ2luIExvZ288L3JkZjpsaT4KICAgIDwvcmRmOkFsdD4KICAgPC9kYzp0aXRsZT4KICA8L3JkZjpEZXNjcmlwdGlvbj4KIDwvcmRmOlJERj4KPC94OnhtcG1ldGE+CiAgICAgICAgICAgICAgICAgICAgICAgICAgICAgICAgICAgICAgICAgICAgICAgICAgICAgICAgICAgICAgICAgICAgICAgICAgICAgICAgICAgICAgICAgICAgICAgICAgICAKICAgICAgICAgICAgICAgICAgICAgICAgICAgICAgICAgICAgICAgICAgICAgICAgICAgICAgICAgICAgICAgICAgICAgICAgICAgICAgICAgICAgICAgICAgICAgICAgICAgIAogICAgICAgICAgICAgICAgICAgICAgICAgICAgICAgICAgICAgICAgICAgICAgICAgICAgICAgICAgICAgICAgICAgICAgICAgICAgICAgICAgICAgICAgICAgICAgICAgICAgCiAgICAgICAgICAgICAgICAgICAgICAgICAgICAgICAgICAgICAgICAgICAgICAgICAgICAgICAgICAgICAgICAgICAgICAgICAgICAgICAgICAgICAgICAgICAgICAgICAgICAKICAgICAgICAgICAgICAgICAgICAgICAgICAgICAgICAgICAgICAgICAgICAgICAgICAgICAgICAgICAgICAgICAgICAgICAgICAgICAgICAgICAgICAgICAgICAgICAgICAgIAogICAgICAgICAgICAgICAgICAgICAgICAgICAgICAgICAgICAgICAgICAgICAgICAgICAgICAgICAgICAgICAgICAgICAgICAgICAgICAgICAgICAgICAgICAgICAgICAgICAgCiAgICAgICAgICAgICAgICAgICAgICAgICAgICAgICAgICAgICAgICAgICAgICAgICAgICAgICAgICAgICAgICAgICAgICAgICAgICAgICAgICAgICAgICAgICAgICAgICAgICAKICAgICAgICAgICAgICAgICAgICAgICAgICAgICAgICAgICAgICAgICAgICAgICAgICAgICAgICAgICAgICAgICAgICAgICAgICAgICAgICAgICAgICAgICAgICAgICAgICAgIAogICAgICAgICAgICAgICAgICAgICAgICAgICAgICAgICAgICAgICAgICAgICAgICAgICAgICAgICAgICAgICAgICAgICAgICAgICAgICAgICAgICAgICAgICAgICAgICAgICAgCiAgICAgICAgICAgICAgICAgICAgICAgICAgICAgICAgICAgICAgICAgICAgICAgICAgICAgICAgICAgICAgICAgICAgICAgICAgICAgICAgICAgICAgICAgICAgICAgICAgICAKICAgICAgICAgICAgICAgICAgICAgICAgICAgICAgICAgICAgICAgICAgICAgICAgICAgICAgICAgICAgICAgICAgICAgICAgICAgICAgICAgICAgICAgICAgICAgICAgICAgIAogICAgICAgICAgICAgICAgICAgICAgICAgICAgICAgICAgICAgICAgICAgICAgICAgICAgICAgICAgICAgICAgICAgICAgICAgICAgICAgICAgICAgICAgICAgICAgICAgICAgCiAgICAgICAgICAgICAgICAgICAgICAgICAgICAgICAgICAgICAgICAgICAgICAgICAgICAgICAgICAgICAgICAgICAgICAgICAgICAgICAgICAgICAgICAgICAgICAgICAgICAKICAgICAgICAgICAgICAgICAgICAgICAgICAgICAgICAgICAgICAgICAgICAgICAgICAgICAgICAgICAgICAgICAgICAgICAgICAgICAgICAgICAgICAgICAgICAgICAgICAgIAogICAgICAgICAgICAgICAgICAgICAgICAgICAgICAgICAgICAgICAgICAgICAgICAgICAgICAgICAgICAgICAgICAgICAgICAgICAgICAgICAgICAgICAgICAgICAgICAgICAgCiAgICAgICAgICAgICAgICAgICAgICAgICAgICAgICAgICAgICAgICAgICAgICAgICAgICAgICAgICAgICAgICAgICAgICAgICAgICAgICAgICAgICAgICAgICAgICAgICAgICAKICAgICAgICAgICAgICAgICAgICAgICAgICAgICAgICAgICAgICAgICAgICAgICAgICAgICAgICAgICAgICAgICAgICAgICAgICAgICAgICAgICAgICAgICAgICAgICAgICAgIAogICAgICAgICAgICAgICAgICAgICAgICAgICAgICAgICAgICAgICAgICAgICAgICAgICAgICAgICAgICAgICAgICAgICAgICAgICAgICAgICAgICAgICAgICAgICAgICAgICAgCiAgICAgICAgICAgICAgICAgICAgICAgICAgICAgICAgICAgICAgICAgICAgICAgICAgICAgICAgICAgICAgICAgICAgICAgICAgICAgICAgICAgICAgICAgICAgICAgICAgICAKICAgICAgICAgICAgICAgICAgICAgICAgICAgICAgICAgICAgICAgICAgICAgICAgICAgICAgICAgICAgICAgICAgICAgICAgICAgICAgICAgICAgICAgICAgICAgICAgICAgIAogICAgICAgICAgICAgICAgICAgICAgICAgICAKPD94cGFja2V0IGVuZD0idyI/Pr4ocw0AAAAGYktHRAD/AP8A/6C9p5MAAAAJcEhZcwAALiMAAC4jAXilP3YAAAAHdElNRQfpDB8NOiwvvGvrAAAgAElEQVR42uzdf5hcV33n+c+5t6q71S3JlqsttWRhWRhjgkwwPwYyIRAwJMY8E8wkYTcJdmY3zO6z/Eo8JDHMJrPJLLsDC4GHsJtkNmQgEwaHPOTZTUIwbMgD2WDIgx8W88MS2PwwNrYkC0mW1frV3XXv2T/uOVWnbt/61X2run68X88jS+6urq6699a953PPOd8jAQAAAAAAAAAAAAAAAAAAAAAAAAAAAAAAAAAAAAAAAAAAAAAAAAAAAAAAAAAAAAAAAAAAAAAAAAAAAAAAAAAAAAAAAAAAAAAAAAAAAAAAAAAAAAAAAAAAAAAAAAAAAAAAAAAAAAAAAAAAAAAAAAAAAAAAAAAAAAAAAAAAAAAAAAAAAAAAAAAAAAAAAAAAAAAAAAAAAAAAAAAAAAAAAAAAAAAAAAAAAAAAAAAAAAAAAAAAAAAAAAAAAAAAAAAAAAAAAAAAAAAAAAAAAAAAAAAAAAAAAAAAAAAAAAAAAAAAAAAAAAAAAAAAAAAAAAAAAAAAAAAAAAAAAAAAAAAAAAAAAAAAAAAAAAAAAAAAAAAAAAAAAAAAAAAAAAAAAAAAAAAAAAAAAAAAAAAAAAAAAAAAAAAAAAAAAAAAAAAAAAAAAAAAAAAAAAAAAAAAAAAAAAAAAAAAAAAAAAAAAAAAAAAAAAAAAAAAAAAAAAAAAAAAAAAAAAAAAAAAAAAAAAAAAAAAAAAAAAAAAAAAAAAAAAAAAAAAAAAAAAAAAAAAAAAAAAAAAAAAAAAAAAAAAAAAAAAAAAAAAAAAAAAAAAAAAAAAAAAAAAAAAAAAAAAAAAAAAAAAAAAAAAAAAAAAAAAAAAAAAAAAAAAAAAAAAAAAAAAAAAAAAAAAAAAAAAAAAAAAAAAAAAAAAAAAAAAAAAAAAAAAAAAAAAAAAAAAAAAAAAAAAAAAAAAAAAAAAADQnWETAACm2f4Lx+yjslJaz66KxkjWZn+7S+V+xXp0fi/XTAAAYQoAMGHOP2xVX5NsXbKrUnJJUirZ1AWjSLIuKBlJsu7r4ZNE7srowpTcY/2/lWYPsf5rsfv51H3fSkokMyuZbVJsJFWleEYyVWn+Kq65AECYAgBgyM59z2rtkpRekuxa1osUJZJ1IckGQajRs+TyjVzg8Vc8/zXf89TogIpdSGr+iKLcZdKkzecIf49/vtT9fGSy12TC32+C351I0ZykbVI8K0Uz0vx+rskAQJgCAGCDzj5olaxI6bJkV6QkcsHEP8AFnigIRY0glTafxwZByOaueDZywSYJhvLlr45Br5QPQeHQv8hkT2hzPVw2lpS4x8TN32PDJ4+az+kDnwl7yeqSWZCibVJlgR4tACBMAQCQ8+QDVskTUrKc9QqZOOvZMTZLGI2QFLmRdC6RWBMEK9M6z8kPubN2fa9SPiyt66rq8ZJpjRvC54JSy/eD5JYaKcq9jtSqMZwwstn/Ryb7mrUuBEZZIDOplEaSqbj3lUqV7VK8IM1fw/UbAAhTAICpsPygVXJWWnsiGO6WumARFYcd6wKVdUP3jM16fozPTGnws6Y5RM/nJN+r1QhPan1My8+Ygqti2vqa/NA+ueF7adIcVrjuh03xFbfldaTNHrQ0DHdJFtZslM35agS/KAiLavbEVXZmIWsbwwQBgDAFABh/5+63WjstpeclW3E9MK4QREMUFHMIhr4V9RSZuBlCGj1WLlxZud6ioHfHSorXJFXaX/2Kht6FYcembX7WByrb5rWa3jq7/FDC1A0fNFFzWyh170/Z/CoFodKPcWzMyapLipsBsLIgRZdLCwwPBADCFABgDMLTA1b1E1L9rGvkR805QS0hwxZceoKA5YOS/9v3LPnCDjbKcoO1rjfHNoOWv6wZtYaSRo+Sms/pQ1dREYmOoUvB85mC95Lmrq6m9T2GD7dpbmRgGKjCnrK0dZsYXz0wav2dLS/Yf78uVS/Leq/m9nHNBwDCFABgJDx5n1V6LJs3lEauw8TPJcqFpI6Xnag1qBT+XIfnsnHuy7khfUXf63p1NN2/Z4PXlC9+0fbnchX+lAtThe/TPX++CqF/bMtQxU7BKpUUSzOXSQvXcv0HAMIUAGBoLn7PauVRKX3ChSe3jpOpZr1EjV6eKAgUgwxUwfMUBarNhKleApXN9Qy19Dp1eD4TFYeptoEqbR/M1km7bLeg6IaRNLNDmr+etgAAEKYAAKU7f8Rq9VhWqrxRltz3ksRq9H5Ym1WdM24x29T2HoSKHlcYqLo8Rz5QdQtI7QJXr8HLRs0Kg53emi16vqhDSArfa9rD62sXvoLwZhM1Srar4v6kzecxqRTtyIYEzi3RNgAAwhQAYEMuPGC1+qgLUD4NBMUSfFEHv+5SFCxWq8g9NuohULW7DBXMoSr6XtEcrF4CVa9hqZderKKg1C5MFQYqF35Mp+DVy+vr1kuV68lqrLFlmkUsrJVUlaK6FC9K259GGwEACFMAgJ48+Tmr5HSuKINrcKdBoQebG5IXLm7rvx8uqtuxt6lLmOolVOWfp9dA1XdgKSlQNR4TvE6TFj+u7aLCRb8k3C9u/Srr1qdqlKD3vzNpLijceC3BQsY2qLxY3SEtPJ32AgAQpgAALZa/aFU/6pYvcmXGG4UkXEnulm6TsLiDCRrn7pLiQ5iJc0PoOs2jGvNAVdjzVDCfqjAohe8h7eM1BMMEi3qobNCb6NemCl9so1fPrdtlE/f42AWqVFK19TEmlSpXSAssGAwAhCkAmFYXvmW1+qBkV1oDQaPBHzXXMDJWSl0VuHzPS6PtH+euKCYoTV4UhjYw3K8wTBU9rs9AtZnqfvkq71btC0iYTuEr6v7YtkP6OgQqpQWPDedR+dLxvlfRujlgbg5VaoLS9Ka5LpZNpHi77pjZ/cL3z9bu5QMFgDAFAJh8y/9gVT+2PpgY1xivK2s8m3xwiZuFFqwpaOh3Ci7t5j9FBY39/GWpl96p4HH5xXI3Mn+qU1GKfKCyBS/ZRsXBq1PpdJNbM6pjAYs2c6O6zp/KhSnZ5vZqrMvl30zutVh3XPhwZd3z+G1VXZQWDtCeAECYAgBMoCc/aZWcac6LKUwBGxhWZ3LrHLUNMFEP4arTZYl1qDqHKW1iHaqibZeu305Fz+nnXMWxC17z0o5n0q4AQJgCAIy5C/dZrT7QLDCgODcsLVzQVT2GnYIwlQ8kXcNU2CDvEoI2HahYh2q9PsJU4fvMDRu0rifTrEl2NnvO2EjVJWluD20MAIQpAMAYOXePVf2h5ineRmo/7KvdpSBqE6Z6DD+9BirbYxDqOYixDlXnx3YIX+pxCKENqjpGyob82aC3KnLrkCVWiualSk2a30dbAwBhCgAwws5+zir9gVvfKX+a71bcoc3324adHnuTuoWqrtX5JNah8oGmU/Dq5fV166UqClR+26VtCnCYLDzZ8BhbzRZvttWst8r3gM7slrZdTZsDAGEKADBKIerTVulxF37CoXtFpbA7BSLTPdjYMnqCOvR2sQ5V7rkHvA7VujlURYEqCF2m3fOlzeqNjdLqtrkosPXVINek6uXSPGtWASBMAQC20vInrOqnXHU122zc+nWBItdgblTf841k97XCRni/Q+vKGvLnX3uvQW/MAtWorkPV+Hr+eeOCN2Bbn6tRgMKFqNgde2nSLKfeqBQYN38+MpJdlSp7pQV6qgAQpgAAQw1Rn7JKjjUb2ml+TosJGsRBg9dIUsW1i60rcpCqr6F1/RR+COcb9VI2vSUMsQ5Vx0BV2jpUahPUOvVS5iv9mVygj1tfp00lJVIUZ0P/rJWiujv0Yqm6U9p2LW0RAIQpAMAAnf+0Vf2xZvU03/Y1PuQUnc4rzRa9sa09WN3Kohc1qHsNUz2XTM/9LOtQrQ9T6wJVietQtfROhYGqXZjKz6GyzWPCDxk0SbZdfaVHExx/qd9+wXpVNs4KVsSXSwtPpU0CgDAFACjRhc9ZrX43aPi6BnOjtykfdnoIHJLWD+XqFqgGsA5V2LvR6LUJFpJNTcFaR6Z1WlgjSEbNVOFfVzh0zkatw8+saa20Z3NBxAav35hs+Jr/d+SeOI1ag1AYgiL/WsP95N67Td1zR+7fBQUmYpNVxFO78BWEn1Fdhyr/nPnH+P1jE8lUs3/PLErzV9E2AUCYAgBswsqXrC4dkdJ6EExsazBo6SFpF6bKDFS5x3Qrnd5tHSrfq2Zd+LBB7089bYaf1GZDwoz7t4nX93QYH3pcD1wUuTBWEP6M+7o1uc6YaH1vkg95LaEoN4yxoN6HZFqrm5sgvNn8z5rW1yZJSrL3mdaDEOm3j5WipLktR3YdqoLHh4HKuvcZxe79plK9IlVjafuzaZ8AIEwBADbg7J9ZpZead/wjkwWDTsGlMNx0+5lewlSHQNXTWk8FP98IAZFrROfXdvIhyq3TZCqtPR02CCWm3evq4bX5sBeGlJahf8HvisJCHu7fkc3CW/g7w94axVkPUz3N/o6s621Sm2p7ag2FUe41KHwNsaR6m5AUvtctXIeqW6CyVor8vk2zjRhVXCCWVJ2TFn6EdgoAwhQAoAfLf26VnHG9ND7s2N7nKuXDlO99afdz68ql9xiG/OM2uw5VGgxhC3tmrM3CRxoM6bO5IhJGuV4v0xoOfGEOU5HMtuzvKM62qam4P9n390Sx1qzV6fnO1eWWzh+zx9N6FgBVl5LUDVGrZ78vXZVs3SWrSvZ1KymOm6HLBy9jJLPaGixNMC7RGjd8MAp6tdJmb1xLd9iIrkPVKaT595RGzZ83fthj4opVJFIlkqKd0vzTaK8AIEwBAAqc/3ur5DtqlC33AcrEzUZq2uZ0HYYMU9CI7Rqm8lXY2jWE+1yHykYFV5iiineVrAHdCJAuAKW2OSwudaGi0YvhixpUpXheMvNStE3acd1oXtMu/MAqWZGSNclektKLLhS54Zqp3PvNhRLjAoX/unXHgfHbK9z3o7wOVZtAZaOst06uRzBS1nNXMZJdk9Jq831FsVTdLc3to90CgDAFAJC0+hWrla9mPRpp0lyrJxy+Fg47CwsrFIUY0yY02bLmUHXpfei3l8sq6JHxaxGFjXdXjTDeLpkFKZqXdkzgsK9z37OqX5LSc1Kymr1vEzd7tnzo9cP+Upv13qiikV+HqvA4yK2tFfljx2TvK3VBMrVSXJfSWIrWXKCel7Y/k7YLAMIUAEy1cx+zqp9WYy2ofEO3UWBBzbBhbXMujgoClekUdHoJVL0usNvPHKo2ocyYrMfJRllwsK73Jd4hmculy26c6uvT0vlH7fF0RUrOSsnK+hAaGylJRnsdqpaKfl2qDBrTHN6XWil2X08jKU7c73Q9kyaRKldI85RSB0CYAoDpcv5zVskRN3wrCuYEhaHEBHNK1JxDZP3wt14Wp23zNdum0Zyfu7SRQNXvOlSak+IrdMfs0gvfP/uUezk4urjwmFVyVlpdDoo2aHTXoeoUpvxNgSh1wzxTKXU9ckqy52rcOHBBq+U4jbMhgjtupB0DgDAFAFNh+T9ZmWUpcWXO81XPbC7cFK4NGxc/vmPwCcOOyT2XDX5XuICTcYEvVmOR35by4KmkqppDvII1o9a9Bv97FqTqFdL253PtKcvZb1kly1kxjMjtM1+WXa7wRaMQSdIsOtKyJnIa7F/TDPMtwUfDX4dq3e/PfSB8IY5oTtpO1T8AhCkAmEwX/t6q/kA2pCkNigmYXMOxp9LmYZhqF56iHsOUfxL3nJGbj+PDlK+upmCx27AAgQnnd/k5T2ouihtVpXhRmtktzV3H9WbQzj9qVT8j1Zddz6YbRtnSM2WbvTo+QPtQYnwY80GrS4nzQa9DVSj/WDe81da1b26/js4scZwBIEwBwMQ49yGr9KxrBxpXJjt1BQUKGo62lyF1+cVaewlUHRb1DYf4+d6nyLiy1b7HImr/Hq1pfj+ak+K99D6NxLH3sNXa41kgtn7RZ1fIIuxBtIlb36meLXa8bnjfFq1D1e33R3FWuMVU3VDBRIoWpIVncOwBIEwBwFi79CmrlQeC0s82a/zV/XyoDuHH9rhOU8sCsxtYh6ptdT4/BixuNm5bFsoNh4RZqVLLAtTCs7imjKrzD1mtnXY9jXIhJNiP+V7SNMmCVcfja8DrUHX73dYXp0ilZDabd+Xf087ncCwCIEwBwHg2XD9klZ5xAcT18MS5Cfm2h8Zl1/ATd3l87uvrhhXmnrOxOK6fN1V3lfb877Ku+l4imZ1S5RppOwFq7Jx72GrtZLbmla26OVR1NwzVVVc0jQOkTeAfwjpUnQKVdeuQWZv1qpnEfb4qzTW7qpdL89dyfAIgTAHAWLh4j1X65Wy4VCPo2Obwucg2F99tLEDbIVD1M+Sv0fbtEKgK16dyC/00ep/c2k7G96hJimbcwrmz0twBaRtD+CYn+H/HavWJbLHcODgmfMnydqFmGOtQrQtV+TDnv+YqG/qbFH74bJpI8ay0/QaOVwCEKQAYaef+i5WOusZo5BZcrTbDVL4BadV7ifNee6g6zqEq+nqwvpPvKWuEqrjZUK1cJe14KdeLSffkN62SJ11NklRKq9rydaj8zxT+/jS7OeGrGEaRC1ORK6QRNZcS2LYozVzFMQyAMAUAI+f8B6ySS80zqo2y+UzGSrF1FfKibAhV5IZGNXqB1D349Frlz6pLgzda/zTWD9/z6/643rN4h1R5qjT/bK4TU3c8P2y1clpSvXOYGfQ6VGHPV7swZU02V0qS0jgLgUqkdEaNHqtYUj2SqrPSwjM5ngEQpgBgJKx82mr160Fb0kqVSEpM7gwbNduS7YJO0ZA+06GHyhg39C5qDUbGuCIDueIR1jYrtSluLgjsy1/7kugzV0kLr+DagMzy/Vb1C80Q5FeYtnLz6ZJcdb4wUIUrUketvbJSc92oQa5DZaybB+Y+A6Yi7eQGAQDCFABsrYv/2ar+eHA2dQHGplmoif2aTUGA6jYMzxb0HHWbQ2WMa+O6EGUq2b/9Iq6pX0MoaNfa4GtSVlq6+nRp/oVcE1Ds7Heskh9KmpWUqDl8NcmKP6gi2Ur2OYjq7tiPtW4tKqNmYZaNDCHsuA5V0VyrINTZSKpYqb4ize6T5p7C8Q6AMAUAQ3fh963S860NusRNiDeVZq+P6Tb3KeohTHUIVOvWf/INx2DIX8vQQ/dUqStGES9IO/5rrgPo3fnvW62dcsd30iyV73utUne8Rq4a5LqDOSiEYl0A2vA6VN3Wv4rdTY7IvZaKm2PlKv9VdkoLLCYNgDAFAMOxco/V2j/m1lqyzblQ4fC6RrbJlyLvI1CZNo9rPMY0R1I1nl/NUBf2jDUavZIqu6TtP8f5Hxt38ajVyuNSuqbWUvp+HuCamnMCbe5gjtb3UG1oHapeFhMOHm/S9TcsojlpO/OoABCmAGDAjcf/26p+OAslFUlJlIWnKHYVw4IGnr8ZbnMhqe0cqjahynRpXKYmaFTa5vNFwRDDqNIc8hfvkbbfynkf5XriK1lXbKNH1lXXM0GFyJbjPcoFrDLWocrfcLBZYQpr3K9zlf5MMM8w7K26nHlUAAhTADAYF/5PK/vDZoPQl182ckUgwrWegvlItlMYirp8v11jMvxa3Cwu0WhYut6qyATD+Ral7T/L+R4DDlVfs1mP1KpkZ5TNrXKhJ6zeFw5HbX6ocsGrjHWo4iwwGTe+1TbGuWbzBFXPhslaSVqTZvZKc/v5nAAgTAFAac6918qel+LYBScThCY/qd66u95RLtz0OUeqpzAVfN0PG8xX7Evc39EV0o7/ivM8hhyq7nOhSrmqfGGFv3bHeT/rUHUb9uefu968wWASKa24cup+fTbXg6VEqtak+YN8ZgAQpgBg80HqHdn4vdQNGZIrLtGY6hFn7bHEBSrjTqtpm+pk6+ZQdet56rSQafC9NMr+17+OeJe045c4v2PrXHzUauWEZOvBzYV8d22+R6nfdahs5zAVrWWfUVXccybN9d9Sk62p5tep8jdHokQy89LCj/D5AUCYAoANWf2s1do9ucZbh4Bj4x5OrVFxoAq/V/Q7TBwMj0pd71e41o+CBXfndVX1OXps7jmc2zEaLjxitfLD7Hg1a1n59Gbyz3pQU7WGKeOOdXUY8lfGOlTW3YTwN0xi13OVRFI0I+04xOcIAGEKAPpy6WNWyTfd/8S5kFNCmOoUqPJhyhgprWevI65I9SR7SdZkhS9s6tqRVWnmBmnbT3BOx2g6+6BVfdkFGrculZLsWDdRVhXQLytgg4DUEpLafP42ug6V5D5Hcr3PrrcqcUUqjJV2PpfPFADCFAD05OKfWqXfcw26qENY6iVQ5U+xBWtI2S5zqHyhCz8fSnH2xyRZw9BWpOq10vwtnMsxJqHqfqtkVbIuPIVFKqyr8ucXoG4UixjUOlT+Ia4ip5XrnbLu8xVnNzB2PY/PFwDCFAB0DlJ/YGWPu8JiBQ22wrAUlRuo1q1DFbUOZ4rkiktUJLtT2vmvOIdj/Fw4arVyPCufHrmCEMZ9ABrDVqtqDAUc5DpUxoenIFBFvhrnqqS57HXO7ZZmr+LzBoAwBQDrg9S7rNLl5sK2qaTYrg9Hg+ihavxc0TpU/u58rhz67Auk2Rdy/saYh6oHrVaeUHPIn/usmMhV3YtbQ1DZ61CFc6jyPVSN50izmxdpKs3ukuau4XMHgDAFAM0g9R+skvPNoX3GFXdoDDtqE5ZaCpO16aFqzP9od6rtVArdl3R2czpMLFWukeZfw3kbk+XJr1mliWRWJVv1H6LgczOgdagan1Hb7PlV3Pxc+6/7BYhNVYrmpYVr+QwCIEwBgC6+wyq90Fohz5js39YEd67zjbUeC1M0ephMm1NuD+tQRVay26Qdb+R8jcl14ftWq6dccElbQ82g1qFqBLLgOf2QP2uz15FG2bA/P/xXRooXpO3X8XkEQJgCMM2Nt39vpXPK5mb4SnpurkSSZg0omXLCVK+Bal1RCiPF10nzr+Zcjelw9mtWyVpzPbeWz0jJ61D5x0nFZdPjoBCG752S3FpUu6SFp/G5BECYAjCFLv1b27qwbtCAanuKLApLwfyowrvoQc+UMe6Ouxv65+dI+WlRjUAXZ48x89J2eqMwhc4/bLV20n0eXGW9xmfNr0WVNj+jRs3S5lK2IK8fhruZdai6VQ2MdtBDBYAwBWDKXLwzKxlmc2GoMEwVnSaj9WGqbQ+Vb8RFzflYjTZgUPLcBOFKVoqvZ24UcPYrVolbZ02JZOpq9iT7nidTEIpM8wZGPgD1sw5V1+GDiRTTQwUQpgBgWlz4TZud9aI2Vfc2EqjUvsqfCRp5phIMH3Tr51jXG2X8MKJZacdbOS8D3vnvWK0+GXwhycKVSYPPauo+a0FxiihfQGaD61BJ7XuorCtaM3OZNP9UPrcAYQoAJtilt1qlcbbQrW+INYYKdeuh6mGNm6JwZqtZSIpTN2eqmt1NT3255boUx1JdUnyVtHA752SgyJmvWtlVt4h14j7Hfsifmr1SbcNUUaDqMUy1C1S+Y8wmUnWHNP90Pr8AYQoAJtDFO7OWVmqzXqBGo6lgyF7bUNXDGjdFPVTWLTxqTNA75aqFKcoahNUXSbMv5nwMdHL2G1bJxdZlC6zNblakprmsgUzxwtuFgarNZ7qXAhZGbhFtN1yXQAUQpgBg4qzcaZWmWdDxvUImaq4r1aIoDGljgSpcIkfG3UmvuzvZadbQszul7b/KeRjo1fmHrdZOBMUpXIBqLLrrKv11Wgeu13WowuIVjceGRWeS5v/731WdJ1ABhCkAmBCX3maV1rMGUVRxvUGxWztmrc28qW6BqpdQ5RtYrry6v4Nt0mYPlblamr+NczCwEU/8fzb7XNusV8qa5npQvkdps+tQtQ1fwQ2TNHEFOGdcz3cqVbdL2yhKARCmAGCcXXi7zap/Ja7R46rpRSb7t007B6G+AlW75zCuZLP7XytJFan6z6XZl3H+BTbjyQet0ifdB8v1PNugbLrtEJR6XYeqU/Cyrmy7iZvrUJlIsmtSdbe07QCfcYAwBQBjaOW3rdLznQOS7aHk+bqfKZgz0RjW5xtwlWbDyw81SmM3cX5W2v6bnHeBsix/26p+tlkIovHZTYMheH7BXZN93yZSVJfSymDXoapcKc0/hc87QJgCgDFy6Xes0rOuoZP0Eah66KFaN8fKBlUBo2z4ng3XlnJztSIr6TJp/g7OuUDZLh6zuvRo8zMdmWbPU2yzoi9W7vNZVJhiQOtQmUSqPEXatsTnHiBMAcA4NKr+F6v4cTeHInaNmqLGTlwQpjYYqKwvzxxWnPDPH0tRIpmnStv+FedbYJCe+LLNKv25CpqK1gegyLjKf3HuewNYh8q44cE7b+SzDxCmAGDErb7PKv2eKy7h50SZ3kJSxx6qoscHZZmNXKPJNhtwjWFFkVT9MWnmFs61wDCc+arNwlRQfML4uYsmKxghueUJ1D4slbEOlVH2Oqyknc/hHAAQpgBgVIPUh6zsl13I8cP7KsFCnr30OPUZqFw7KVu3qi5pNmuwNeZqWGnmZqn6Is6zwDCdfcAqPefCUpp9Fo1pqaSe3XAp+miWuA5V6m62yGTf2kEPFUCYAoBRs/ZXVvW/k1R17R03T8muNr/Wczjqc9ifcb8nqbqzaZLd8U5npe3/jvMrsFXOPWi19mT2GW4UpwjKpzeSVdHnfADrUKVWqkTS9mdzXgAmTMQmADDW6p9zQ+2SbH5SmkqqZ3eeWxpHaa7hk6i1QIXWV+taJ/d4m0iakSo2G1YYVSSznSAFbLXtTzea3S2Z1WaPtS9M4YfkNv6dFjSNcsEpr23lv6T1Mb5ce2ykpC6d/5Zl5wCEKQAYDRffaBWtBQ0ZtyiuKlnvlEkKfijtHJA6PjbfoHJDiFIjVYxkr5S2vZ0gBYyC+QNGMwckXXJrzfmqfm4Ybie2n8zTpmfLusWETZLN1TJVqX5euvRdAhVAmAKALbbym7Yx/2Fd8Kk3Q5JJ+kRqGJYAACAASURBVBvQbIK5ECbKnsekkplxQ3vWggBWyX5XJMnskxZ+lSAFjFSg2me0658b2bqyE0Gl2RsVmWZwMu7vyDWNorob9hsUm1nXux0Er3CIsLVuiJ//esWdM+qSnZFWTkkrxwlUAGEKALYqSP1PVvZ8Hz+Q733qoXfK2OaQnSQot2yDORh2LTuNmn3S3JsIUsCo2vVCk815XHOf38gViPDLGKTNv21dUnV9AYpGb1XBnCpT8PE3iXs+K0XV7KZMnGbPfekR9glAmAKALbD6R1bmccnUlXVL2S5BqZ12c6hycx5ksoU/termZpnsMb4RFl0rzb2RIAWMfKB6rpFm3I2RqFlAxrgu7op1JdST3HpyUfdAVXiKiaSKHwosKY2l1M3ntNuks1+hdwogTAHAENX/xsreF5RAb7RwugQltZk/1aVRZKxrdPkSx2nWGErmpGhNqtwozb2eIAWMTaC60SiuulC0ks1jkqvwV3cV+tKo2VPVMVD10MRK5IYJyxXFiSStZecPE0nnv0mgAghTADAk6d9mDRGrbChOS0Cy3YOSSfr8ff53RM3KXFGUNYTsj0ozv0iQAsbNzucYxUayc5JW3ZwpN6yvUfI86dxkaplD5f9EzT82mNDpe9EbAS3Ozl+pkZIV6dx3CFQAYQoABmzlTTabo1TNApWpNANSIyS1C1Rpa6DqWpTCF6+oun9bV3Ld9VLFz5C23U6QAsbVZc8zMqlkK82gY0y2Tl1jOG9RwYlcoOrUS9WYmxUHw5Jdz5eZU1YoR1KyLK08RqACCFMAMCCr/6uVvdRs5JhOp65e2yRJQeDKz6GyyoYT1rPTpbWSeZY0+98SpIBxd/nzjOI4myNlVt0pIMoClqlvfh0q//M+UFkrxUFRCmOlyP29cor9ARCmAGAA6n9qpYeyeQe26iaPp5Iu5Rov3YbwFcyN6rYOlUnckMI4K5Uc/Yg0+8sEKWBS7HyuUVqV7KykVWWl09dcj1UHPc2bcmEpcj1Sfg5V7IYP20pWKdRE2Xnt3NfonQIIUwBQsvT/VWN4n1lpDp1pKUCRD0dFVf4KApVf2Ddayyp7mVxjycaSkmzojw5Jc79CkAImza7nmSzlVLNzhEmbYclX9DSpWztK7m/TwzpUcfb91J+O3PdS38udZr1SaZx9z1pp+VsEKoAwBQAlWX2DzcLOjJS6csWpsl6idgto9lNkwiTued1daePXkYpdBT8fpA5Ic/+aIAVMbKB6flbSz1rXK1XJspBfKyp1Q35tlC322yhUEeh3HSopC2TRqvu3JHtJusSCvgBhCgA2HaT+nZXOubkGdTevwX0vMdkimEUNl5ZA1W0dqsRNBF9zD69nd4t1SdldaklakmZ/jSAFTHyg+mcmm4+ZZnOmEuPmT/nCFKk7ZyRZoCpqSvWzDpXvjUqTLKgZZRX+Vo6yLwDCFABsQv3Prcz3JVXcsBo17+xGriGTrLQJSPlAJbVdh8rOSNFK7qyYukqBq5K9Upr7twQpYFpsW1J20nEFaKyy3iMbZTdb5IblpUn75lSv61BZN3wwcssupK4YhYx07n56pwDCFABsUPrp5lpSUeIqa8VuorYrYbwu4vQbqFxwSm1zjoSpZCXQUytFl0vb/keCFDBN5vYZzV7ZLEAR+aqe1eyPtR2qifa5DpWf+5lGrnR6mn3bGCmpSxdYfwogTAFAv9beaqW6G14j19BQ1thI666HylfHSnoLVG3XoUqy+VHWDe1J16TYNXBm/2eCFDCN5g8Yze6QVAmKQ9Rd0FHQK7XZdahcZQrrwpUx2Y0cX5yifpZ9ARCmAKCfIPUfrcwJ17BwjQwTZYHKn7KMyappRUEg6haoWtiCf7pQFUVZY2bb+whSwFQHquuNKrNZT7WJspNF6ob9+UW/N7sOVePco2Zoi+vu3Gey+VNPfp3eKYAwBQA9sp/P1sc1VpIrBmHXsnVarHXD/dwd4pb2S489VOu+5hszlezvNNWhyi+yHwBIO55pVJ1tBii5mzs2VsE449y5rIcMZG12E0fufGeNVK+4SqLGzaVKpAvfJlABhCkA6GL1Ddnwvsg27wS3NDpSZbWKY/f/3doXfghOPQtLfk2p2PV6+TvN8hPLjVT5KR2uvIheKQCZnT9qslLoleYi3r6Eui95XrjGlLqvQ2XioOCoWzfPpG5dqqT5vfp59gNAmAKADur/R1YGPXKnpTTpeuM3a3iEgSpRcQ9VRUpXpPiSe5htVgc0rvEiI8WHpOprCFIAWl32vOxkYf15xi3Ga23xelNS8dpS/a5DFdWzP0bSua/ROwUQpgCgjfQeyaw1SwX7idjrJF0CVe4xqWk2VuTWi1HdDdmpBw2ZmlR9E0EKQLHZq9SsQOG7jAqaUDbp3NTqZx0qG/xcuiZd/C6BCiBMAUDOypts1kaxbihe6gpPuAnZ6xodSQ9P6h4Tm+znG8vG5IYHGiOlFWn2HQQpAO3NLxlVdgY95mkzUNncOaWXKn+9SI0rvpNk/15juB9AmAKAlsbCh62ik25+gGuEpKlbyLIePrAgLAWhqtP8KVvPnt/4IOWey99YnvsAQQpAdzuuM4rm3DkkV4Sip4DU5zpU/saSNVIcS/aidO4r9E4BhCkAcOqfyhokfjierCsQkRQ0TroMiyka7udLqNtwEngley6TSvYW9gGA3u18lpGZVeuadWZ9oGpXlKKfdahUz86Hidxi5VUpiaSLDxGoAMIUAILUv7GK1rLQE5usQeInc6fuzq/pVvI8WR+oTK5BY40bMqjs377Mup4lzfwMvVIA+nP5s420FoQlX7UvV5Ri0+tQzUhJEKiUSlEirbKYL0CYAjDd0r+2sj+QkllXBl1ZL1JspCTNFs/17QvTbY5Uh6IUUdALpbokKyVrUrxLmv01ghSAjZnZW/BF23uzqtd5U5GyXqnYZDeDbJKdE5e/Re8UQJgCMLXsx9wZqN5cT0VyPVIFIaol9rQrSlHQS6W6FMVBKfS6pG1S9fcIUgA2buEao3jeNaOS5jnJuOUYVMI6VFJWlMcG1U2tW2cvPa99qycIVABhCsDUqf++lb2UC0hJbq2VDuXOW0JVD9JIMitqLPZbZZ4UgBLsPGQU+d6oWNnivi4U2cGvQ3V07RH2AUCYAjB9PtMs99tRvox50vzTVu571vVG2YqyXqpDUvxqeqUAlOOy55tGL3hqs1Bl/LlowOtQJbF08Xv0TgGEKQBTY+3XrWxVitKCOQP5IGRdB1WntkKXdagi9x9jpXRBmrmTIAWgXDM7JZmsZ8r4QOQX9x3kOlSSVk+y/QHCFICpYD9tFX272dgwlYJepmSDT95mDpVfY0qS5v6AIAWgfPPXG5kZKV0JgpT/009A2sA6VCaSzj9A7xRAmAIw8ZKPSXZG0pq7O+tCzrqhey4ImQ7ZxyS5OVdFgcqf5epS/GNsfwCDc/mzjTTbPA+ZIaxDZRJJsbR6nu0PEKYATLT0L6x00oWkmWytlO7pK/i3Df4E3++2DlUaS6pJ8f9ArxSAwapelvW4K8mFpQGtQ2Wr2fciK537Br1TAGEKwMSqf0KyC83TTlJU3SrpEqj842wPP+fEiVT9AEEKwOBtf1pWjMIvEr5OyetQ+WlZklRfo1Q6QJgCMJHW/sgquqTs7mvs1pWqtGkcJO3nUfm7uPnmgo3dz624eQTK5hJYSebFbH8Aw3PZ80w2TzMKwlOkRi+VcaHKmhLWoQrX4rM6evEo2x8gTAGYOPYfsou+rWQFIRRLlXrnnykKVEXrUJl6M5yZqmuzJFJakcx2qfLf0ysFYLhmr8jOc42uI+tu8hjJukISvhDPZtahSqPsdxhX9MLUpUtH6Z0CCFMAJsba+6yiVbdwbr3ZQEjdIpd9Bap1KS0LUZHNnjtxjYnISOaSNPNHBCkAwzf/NJOdv4ykuvvje6jc122bIX/9rkMVqdmDZSNp7XG2P0CYAjA5vigl29ykbCulM26+1IwKyvF1UbAOlUzWEyWbzY/ywwej57DpAWydy59vFJlsTT2TuA4qK6nqTn0lrENlXM9WarKqpbLZ+fXSw/ROAYQpAGNv9b1WqmSV+3zjwZisMdG4Y9tF13WorDuLpdnd2dTNy6q8nV4pAFvLLEjpbDavUz4kRW64sw9UuYDUa5PN2uwcaiRVXKCybkjh6gm2PUCYAjD+DYn7XCMicW0IVzJYdSldy77n/3QLVO3WoTJWsrPZwpU2leJUil7Dtgew9XY+w2RFJ/zNIyNpTet75Te4DpVm3E0k18Pli1mkFeniI/ROAYQpAGOr/h4ru+rmSc1lF/zGHIG6G/YX3pWNN/BLkixAmXp2V1ZGMnuk+GfplQIwGmb3Buc+NzRZcRCUNrMOlfteIzZZKXYVTdfonQIIUwDGV/pVKXKVpmxdim3WHrCSoqq7+MfqWoQiVFiQwkpaUWOyd/z7BCkAo2N+v1E0m2tutes06nMdqtRKWnW9/qvNkYRGWZGfi8ydAghTAMbP2nuyC3gaBKXG+k/ubqsJGxTucUVD/kwSPF7NydxSVrVPa9liwCaS4uez7QGMnsue3br2lKm3CVS5OVTd1qGSsmHOad2dP02wxp6RVk+z7QHCFIDxc6QZhHoWBq/8v02z3eHnFESpuys7l5VBt6kU/wa9UgBGU3W7mtX7qr01zTa7DpUkXXqM3imAMAVgbKx9wma9RUGv07r5UD1knvBn8g/3w1siV3BCRor/JdsewOja8SMmW7A3luyamnOerNZXKfXNsxLWoVo7w7YHCFMAxsd9rnJfJKka9CgVBap8Soo7BCrT/DuKmsMEUytpuxT9Er1SAEbb3JVZJVMzWxCg2s0J3cQ6VFI2BBAAYQrAuHh4faU+tQtURdo8xjcObF2N9akSkzVA6JUCMA7mn2qyDql68TlyXaDa5DpUNmlf6wIAYQrACLKrbhieii/iPQ35C6v8Bf82rohF4uYQRKlk90rRrfRKARgPs3uy85gNyqF3DFTBebLvdaiknhZHB0CYAjAyaSq7uEf14BQTbSBQuSBl3fdtLKVp9ndcdXddK1L1DwlSAMbH/AEjxcE5sqgplqqUdahi91yrx+ifAghTAMaC7z2yaj+sz/T8xezriXvOyGSL81oXqswi2xvA+JnZnVX0s/1mnD7Xoaq7G1Eze7npBBCmAIwHNyzPzuXyUdBD5YNWT0UpIreeVJItQhm7uQZmVar8RxoIAMbPwn6T3XiKJa3lzoGNk2Tw9TT4ftoMS0ZqDAs0a26NKX9DK6KZBxCmAIwdczBbQDcKLvKb4iZQJ1VJFSmdzxoZ5gDbGsD4qi41e9ll3RwquYBliteWWtdsi12gcmtXWUlRIqWJW+A8DGIACFMARl96o2sg2DYX8fwpp9s6VJVs8d84dosAWymNpfh/p1cKwPhauMrI2Cw8WUnG9USlNrshte78ma4/j1rb7Lk3aXaOTK1bPsKNt65U2dYAYQrA2Ji51TTusGpGrZX5Ck473dahMtYNCay7NaUSqXIN2xnABJwv9ymrtufXknJ/bOJ6qoKvFQYq65aIkFvM182pSk3WO2WNVNnFdgYIUwDGinlewReLAlW3Kn/K5kn58f/GZBX8ovfSKwVg/C1cZRRVs5tGJnLznSJlQ6Tzp7miQOWq/JkoOzfaGSmy2ZzSOM1Osdv2c74ECFMAxsrMm43srGTqXQJVgXyg8hOqI5MtBhw9le0LYHJc9lyT9bq7cudKJVWbQaltoHKL+cVR1gslXya97paSmJVmrmT7AoQpAGOp8jNSWjRWv88eqkbFKknJNqnyH7jLCmCyVBfcMD0XktLI/X+XZpoxUuIfZ7KKfmmczcOqVKRtV3O+BAhTAMZS/C+Mon/WrFDVj/BHoqi5cO/sh2kYAJg8O59pFO+Qq0ThKvGZ7k0168+XFfdzfq6pkbbfwPkSIEwBGGvVNxhFP65GRb5G6V9lF/s0DgpM+EnUxs2TqjTXojIzUuXPaRgAmFyX3WAUzbr5T8GyEsa44jtBgjL+RJoEhStSKa1IiqXLnsP5EhgiPnAABqv+d1bJX0paze6c2np2wTeplKbZTdW6W8DSXswek1bcAr1XSRUKTgCYEssPWK0tu6UgUrf4btQMVi0L+Mp9L81CWLwg7XgG50uAMAVgMkPVh6zSe9z/BA0Ca13PlV8b5aJkl6TqK6XoFs5RAKbPk0eskvPBcD+3fp8/Tzay1JqkndJlhzhXAoQpANMTrP7Eyn5PSp/I5gcks1JlSbLXSNVf4rwEAJJ08RGrtfNSWm+uJRVFUrQgVbZJ267ifAkAAAAAAAAAAAAAAAAAAAAAAAAAAAAAAAAAAAAAAAAAAAAAAAAAAAAAAAAAAAAAAAAAAAAAAAAAAAAAAAAAAAAAAAAAAAAAAAAAAAAAAAAAAAAAAAAAAAAAAAAAAAAAAAAAAAAAAAAAAAAAAAAAAAAAAAAAAAAAAAAAAAAAAAAAAIAxYNgE2Aq333777959992/E37t1KlTU3c8Li0t2bW1NRljZK1tfN1aq2q1qscff5zPaAe1Ws36bWetVRRFStNUURRp+/bt+v73v8/22yJ33nnn1R/60IcettYWHt9RFMlaq507d+qhhx4yo/Z5nJub06OPPsrx06NDhw7Z48ePF37PHwOS9OxnP/vkZz/72SvZYhs/Pr1qtarjx49P3TFaq9UaJ5P8uWX79u16+OGH+dyCMIXJdcUVV1jfiGp7UBqjkydPTtyxuWfPHluv1xuNijRNG//u+QM7odum3wtoeBENG2rttpk/3hYWFvTII49w3ivR1VdfbS9cuND2eG4XpPzj2+2/OI514sQJM+xzkjFm3XupVCrc2HD27t1rV1dXC/dvfl93OxZC0xoM+g2p4TYMPztLS0s6fPjwxG0/f97vdp7vhPM+CFOYCLt377ZJkqw7IeYvDGHPwiSEhnwAKNuk9+aVuf3CY88Yo9nZWT322GOcA/t0++23/+6nPvWp3+nUaB6EshvbnXpSpvXz1i4snz9/Xptt0PL5HNz5L7wBMAnH6OLioi3z/BL2hM/NzXHeB2EKk98g9heGKIq0Y8eOkRkC1I8rrrjCDqrRMemNvEOHDtljx45pkNsvvLhOayN5I5/jzfSqbugCVTCE0ze0jx49uuEX4HuJN2JSewBC11xzjV1eXu74mRmk8Hf5oaDTNmR3I9fNcT6fbeTmxka2TdjGOH36NOd9EKYwPg2wbsNA8hfqcb3Ttri4aIfV0Mxvp3EfAnjTTTf98Gtf+9pieEwMYzuGv4dQtf54DsNMr8O5BrV/ioYI9tsgCntaNvpZm9TjpFOPQHiTa9i9kqFp+IxupEd+XG8Q3XHHHS/4yEc+8qVuAWiQ19BpHToPwhTG/OLcS0N5nO607d6926Zp2nLHflhhIPxdfnuN2x03f5wMu8GWb4BYa3XZZZeNZW/oIBpzRcfwMINU/nfmb8z419hPqFpcXGy8t83cwJiku9q9NN799u91ruIgjoFJuXG00c9ep/O+v8kQfjZG/bpZNA92M5/NXo8h/+/wfLJjxw4KFoEwhdE/UeZP/J3ugOYv1qM8OTk/pG/YjYx2wWAc7kzu27fPrq6urhs2NowhReHxWLS/prGXqmh4atiIDoPusEJVfi5N+LuLjpNO+63fyexF793/Hcfx2BelKOpJzxfgyG+rNE0Vx/HA932nc4D/nqSJC1VlzBP1+2xUz2FXXXWVvXTpkgZ9w6bT8+RvyvivMfQPhCmMzUWhU2NmXBq34QVhWAGgW8Mj3zAaVkW0zRwf+f097O1YVL1t2gJVOIco3wNQNNdgq/ZPryGoXc/FZuahFB2r43p8tLvR1UvQ7PR5GVrDJehh8MfiJHxW/c2MjYSJdjeHRm27+AAf3pQZ1E2aTgWvOv0MgQr9itgEGNRFodPJzN9VbHdXatQtLi6uu7MWXuC3onFRtC2TJBl4RcGNNubC3oZ2DaVhyN+FDy+qtVrNHjhwwE7yZ7VWqzUqbeY/k2GICXuLh3nDwDe0fMO5qPFT1Fiq1Wp2z549jW/eeuutn273c50aVuN2burk4MGDNr9GT/59+XNZ0Tkmf74b9jku30gOzxVXXHGFPXjw4Fh/VjczzK3d+XTUzjX5c0jRUOtBHDOdPs/5479Wq9mrrrpqos/7KPmzyybAoE6a7Ron3dZ0KWoYSRqZxT3DC0K39zBo7YYhFfX0jMpwmLAoSbc7/1sl/zpmZmZ07NixiRxO1O3u7Vb2uG5kX+W/5u80lzl8yv89TutPbfT954dnl93g7Xff9mKceww30ys1ytvCH39Fvd35wjbDvGHD2mcoAz1TGNgJqpcTV6/D/YwxOnv27Ja/Lz95PbxDvpUBIH+3uFNP3yj0UPnX4O8mj+qd//wcndXVVe3du3di7lQW9U6Ex3OvjY1RPdcU3Wku+7iQpI2WVx+XIFX0WRjmsdDr+SB/jI5ib/wobKet4keqFJ1f8u2BYYb1br9rbW1Nu3fvpocKhClsjbICRnhy3eoGXa1Ws+Gwp3HbH1vdyPBBdFwaAPnjeGVlRfv37x/rC2t+mBcG1xAbBXv27GnZ3+N23ur3cxr+XavV7Dg2hCdtHxVV7BuVEQi9SNNU+/bt45wJwhSGbxCBYytPvn7uRbiQ5Lhe9LaiMe2DqG8sjPKwsbYnyyjSxYsXx7pRE/buTmrDetjnuVHe3/mes3G8EdRL8MiXbfcjB5IkaekVwfCPwXB/+HASlnEf9c93mqZaWVlhZ4IwheEbxIlyKxsu9Xq9cI2KcWls5BtSV1999dAaGGGxiTCQjlujOUkSGWPW9bCNg/AO/bgXUUB3YQGgomN5kkJV0fvJn6fHpTd2koKuPwbzw0OL5vWO8v7wr5NQDsIUtuQCNykXGn93LT+pfSw+4AXlZyXp3LlzQ/n911xzjbXWtq2YN043B/zaOn4I0bi89rBaXzjEhlA1mYoqZeZ7cMalMdvLdaZojl++AqXfLtN27dyqc+2hQ4fWHYP+2jOux944hXIQpkCYGrmGSfh+xm28d74BHa4fNIwLw/Ly8kQ03It608ZhHH24j8M7wgzxm0y+17RdEZpw0eFJvc6E60/lHzPqvcpl99pv1Xn3+PHj6wJdWLFvnK8H4XILAGEKAzUpdz7Di0AYTsb1vYV3bI0xAx3uF5bebhfyxmX/p2m67n2M+jj6fAn/fO8gPVOTxe/vonNWUc/UpJyb262RVXTeSdN0pANV2XNxt+KmSadKoVv5usoyLhU8QZjCBJiEu9/hmO9xvRi0e+3+Duj58+eHdiz0uxL9KG3DcOjQONzpLlrTpaiMPiYnSLW9yEfRukp3kzTMM3/DoNNxHVb6G6dz9ig8VxlhdxIClTGG+VMgTAG9OHDggB3GhajTBaXTGky9XojaTUAf9Jos7crhlrW9+n2usuZrtZvoPmo3Aco+drutRdWt4ZQvEtBvA2sr1p8ZxyDVbr8U3dToZVt22p8b/fzl59KUEQA2MoSM+S+DOxZ7uVYN8vo6qErC4zbMH4QpYEuVVaCh24m3n++FF4hxrIhX5rbsdLHu1JNYdhGMUbtLubS0ZMvudSoaFhYef/nGersAGg4zLCpI0qkhTOGM3m9alHl8Fy2omg+3+R7nTjcdwpLYRTcihj0EkUBVvrL3YbtjcCPXh15u6HQ6d4VzTjl2QJgCOjh06FBpJ0l/As7fEe61QdjuTlhZc9L8c5c5qTZfCn2z269b8OwUOjvdFZ3ERvnq6mrpzxkea2Hjwk/wDyf6d2rMhEUP8o0aX3q+03EQBrEyA8O4CgugtCs4UfZnsN338kNH8+e7okpu7W56DLN0u7VWS0tLNIpL4HvEyy5wEh4v+TLrvd7MCR/rX1svx5d/fL6I06QUcAFhChiYsBJRGRfrsCHRrZHf7ufDny0zCPiLQ6eG7Ebfd1kN+XyjrdcAVdTAy7/vsrbhKMydyg/vG0SgDY+/fKjxIavT/sg3mv2/8wt7dppf122Y2LQIC6D0eve+jJtBRd/P95SH+zw8f7U7d+Wff1gFjKIoGsgNiGkULpg8iIqERTdlioatdjtu+nlt+ZuZ4bmPUukIVdgEwGAv1vmGQfi1U6dOdTzz12o1m//5su/Ylnnx27Nnjy2z2lG+Ie1fq/9ap+134MABe+7cuZZy0P7nihqAm21wbqWii/og5g2E2y1sxFQqFSVJ0vje3NycnvnMZ/7guuuu+9U//MM//Kt2z/lbv/Vb2x988ME/+uY3v3nb0aNHC4eptRumM83CSpn5c0O/Q5m63czINyDD3+O/dvnll+vQoUOfufbaa+983/ve99V2z/fWt771xu9+97vvPnz48E+dOXNm3UKuww7J/niu1Wq227kY7S0tLdm1tbV1x16Z82TD/z99+nTbfXXNNdfY5eXllnNWvpc0v25kt9+d/3sah9mjy/WRTYBhNe7KMOgL3u7du229Xi/tZBmevMOLS7/vY3Fx0Q6qURkOrTl58qQZpf1etP028jrbNT7LDBib3XYbtW/fPut7KQYxOTocWlP0ufDff8ELXvCNT33qUz+62d/3hje84efuvvvuvzx37ty643wUJ38PuxHuzwXtgtQgQmd+31erVb385S//vY9+9KO/udnnvu222975mc985u3+JkzYmzXMfV3G+W8Ur5vDOD7D61N++Y0yz7OdQlS77ZmvZNnPNbRdFdrw80AIB2EKhKmcXbt22TiOS72Qh3ezoijSiRMnNvTE+/fvtxcvXhxII0KSkiTRE088sak3PYhKcmHjqt+L6TCOya1sWPv3NeiQ0a7hsbi4qAceeGBgv/g1r3nN3ffcc88tYQPGh9dRWctuK8JUuzXD8tuo7EIUhw4d0uc///mBvd8Xv/jF9siRI1vTGCJMjdz13h97ZZ33N3KToShQ5c89BCowZwoIPxCuAVLWBNOw16dSqWw4SEnSo48+anbu3DmQi1UZ7/nQoUMDcMW3UQAAIABJREFUKSfv98lmLqj+gjdpQzPypYiHFS727t2rU6dOmUEGKUn6q7/6q1edPHnS3Hzzze8P52RM6yTwouBcNH+w7GFIz33uc4+dPn3aDDJISdLnP/95c+rUKXPjjTf+cFjbNBzCtXv3bsZu9enOO++8Oh9KRyVI5YPORoNUvteNAhTII01joI28sg36DlDRYqdlBaqyXrsfijiIhvP27dv18MMPm1HZdoPY74M6Nsu48G/FeylqfLfbh5VKRY8//viWXTd+4id+wh45cqRtMYStCMvDuivt56UMsxdy165d+s53vrNl+/v666+3J0+eHGhYzBepmZmZ0fHjx7fkPY9jz5Qf4reRYXQ9fN7/n7/+679+ZdnX9rJ7temZAvEaCC4KZa/T4k/eZZ5sT5w4YcosnhDa7Ppa47CoYdkXvq3q7Sprfat8xbawsRHux+c973kPbWWQkqR77rnHnD592sRx3HY/DOIzPAp81blBTX7PT7L/uZ/7uf9mK4OUJD3wwAPmF37hF34mPLfkq5uW+fk1xlDdr09JkhQGp36r5hX9bFlBKjzvs+guCFPAAOXXryiroVqtVkt/rbfddtsLy1pnqujvzT5fmY2dUb/r5/dDFEU6ePDgUFrwZQ+pDENUeJfZ7883vvGN1b/7u7976qhs8xMnTpi9e/cW3g3fiqpwg7a4uGjD9XHKnM8ZHr/GGM3MzOjUqVPmj//4j//zKLz3P/iDP/jbU6dOmZmZmYEs3lw0lIuS172L47i060b4OR6H3h7/uq+66iqOF8IUgHzjq8yyroMYMvL+97//3rLfe5ljwUe9IVvWhTo/+f/s2bNDef3Hjh0b+GdAyqq2nTp1yrzjHe+oj9o+vP/++82NN954rN2inJPEh9xB7O/wRkqtVtOxY8dG8sN79OhRs2fPnpZtUsZ5h3XLygkUG9l+RevHjcN5P/+aB1EYCoQpYKwvCv5CPS2TTIsWPtxsw6wsS0tLIx/Ahz2c7KabbvrhMI7NhYWFLZs70qu///u/33fTTTf9l/z+mKQhfldccYUd9Lo2xhgdPHhQgy4osllHjhwx1157bdvG90a2UVFvF71TGwv8/Qbb/AK8/ufm5uaGdq0vM1SBMAUgOClWKpWRb5Bt27at1ECw2QtC2Ys1StLhw4fHYojfMC+qX//61xfLPjbz+252dlaPPPLIWLQQPv7xj9/+spe97GPh+5ikGyH5z2fZcz6stdq/f7++/OUvj8X+vvfee82BAwdKaxSHPXM+ELAg68aO0/AY7WUbhkNywyHijz32mBn0ay37vAnCFIDcybGsankLCwsDe62PPvqoKeP9lnkhCBfYnabjpd3/D+p3DmK/+YZMtVrV0aNHx2oH/uVf/uUvPve5z/3BMPfDMOzbt8/mG4Blrx915ZVX6qtf/epY7e+vfOUr5sorr9x0aC4a4hdu26WlJVJVH3w46nW/+O0ejgQZ9LWj7Lmm4fsGYQqYeuGdtbIaLKN+d7+sXqRDhw7ZMJxN6526Qb9vP/SorIpm+cIjxhhtdcW+jfrMZz5zdTinZhKsrKwU7quywlS1Wh35oX3tfOtb3zLVanVT57D8NvXnLv/1tbU1Lowd3HHHHS8oOv/1uz/C89mgb4QM4mYfPVMgTAHBSbasqnZsRzu1730YylonJf8ct9566x3jvP2PHDliet0u49wAKmtI7rgGZ+/YsWOmrMZxp4WQ0fYGxpfKDjjD2PZc30GYAoApdOutt356kI29pzzlKfrQhz70++O+nU6ePGnaNZTDRtSoN6jKXEesqPR0WLhjnL3yla/8vUGFZGutFhcXaXkDIEwBwLi75557bh5Uo1HS2M2b6eRpT3vaukbxoELooAxiLSn/9+zsrD7+8Y/fPgn7+qMf/ehvzs3NDWSx5kFXUQRAmAIADEm4uGi4OG0Zjfabb775/ZO0rb70pS+Zou03yDA6DvwxM24FRrp57LHHzCDmwhCkABCmAGBC+ABVdsVEa63uuuuufzNp2+sVr3jFn+QXBS1rTbVB2717tx3UMbS4uDiRn4+9e/cObHHjsoZcAiBMAQC2gK/iN4hFgl/96lf/xiRus7/4i7/47/LBaSsWWd6IJElKfZ1h8B7X6n3d3H///WZQlUQpSAGAMAUAKPThD3/4vZP63n78x3/881LrujfjMnRrEEPWLr/88ok+li+//PKBVBMlTAEgTAHAhCizYefXB5tUn/jEJ16SD1DT1DAO59lFUaTXvOY1z5rk9/va1752bxRFzJ0CQJgCABQ3ijfasMs3MI0x+sd//MeJvwbMzc2t246jbO/evaW13MNhjdZavfe9771/kvf1u971ruODCj5LS0skKgCEKQAYNwcPHrS+6MRGi09Ya1sW+h2XuUNleNWrXvWvGxe8KCqtCuKgrK2tlfp8fl/v27dvKvb3gQMHBnJsj/pxA4AwBQAo8OSTT7b0LvQThMLCC1EUKUmSxvee/vSnT8X2++AHP/ifwu0x6j1TZTfa/Xt+2cte9rJp2N8vf/nLrxvEPg4/OwBAmAKAMVFUka6fnw2HB/pCDGma6id/8if3snVHd3+XGaYk6QMf+MA/TMP2e8973vOdUd8nAAhTAIAhCUNUv8Pz8iHKfy2KIr3rXe86Pi3b8Morr2zp3ZuWMOV7pQgD5XwGAYAwBQBjJl9EoK8TvJtjlW9cT9v8j2c84xmfCueLjUPDvcwGfBzHU7W/Z2dnOXEAIEwBANbPk8oP+9vIz05bT8W11157Z/iex+H9l/Ea/XNMy/w47/rrr18etX0BgDAFANiKk7QboldU2nyjLrvssqnahu9973vvD3vjpm3Y1oEDB941Te/36quv/t/KfD6G+QEgTAHAmBpEQ27Xrl1s2CmysLBw/zS93507d36p7M8gvVMACFMAMAE2Mt8pH8i2b9++Nm3bzffwbaQq4gSEqcPTtK+3b9/+1TKfb5rWZQNAmAKAidVvZTb/2LCanyTFcXxu2radbwyH5eGnxdzc3PenaV+/853vPFn2506Sbrrpph9yFgJAmAKAMQ8E/T4+/3MXL17cNe3bcBp6pvx7XF5efv407eM77rjjxwZxzDz00EOLnIUAEKYAYMqCQz5MnT17duq2RZkFPMZt/58/f/7QNO3rQb3f+fl5TioACFMAMK4N434DQLtS6GfOnJnaYOlN0zC/06dP3zxN+/rMmTMvZY4TAMIUAKAlGG2kgVgUwi5evDhV2+5XfuVXfq1d0JyG4+bBBx+8ZZr29wMPPHBbfp4gABCmAGBKhYFoI71T+RA2bWWev/3tb79/WnsqrLV6/PHHp+o9Hz16lOp7AAhTAAB3oo6itvOf+m1YT6Nvf/vbYxeAwPYDQJgCAJTYMNxIj1L4M37okzFGr3vd694zLdtwbW2tJZCOcs9cv+Xvezl+pnHBWQIVAMIUAECVSqW03ihrbePPF77whd+YpoZ1mqaNUDHKDe2yX5sf5vmzP/uz/9c07Ouf//mf//PwxgEAEKYAYIqdOHHChI3ijTbQwzlXxhgtLy9PxfZ7yUtekhpjxqZx7fdVmaHKWqsvfvGL/3Ia9vc//dM//cKoB2YAhCkAwBY0sr2NFqHwz+F7ad785je/ctK32+HDh40kJUkyFq/39OnTJk3TUsNfFEVaXV2dis/JpUuXRJgCQJgCAHQMRv0GsDCE+ef427/9209NSxAdp2Ffg+iZkqRbbrnl65O8n1/96ld/dqM3HACAMAUAUxKgem1oh3OEisqrT/pQv6c+9ak2vx3KDiqDDIBlHjfGGN17773PmuT9/YUvfOFlnC0AEKYAAC1mZmYagWAjQ8D8PKl8mDDG6IYbbpjY8VBPPvlk6wUviloKUYx6gC4jkOWLbtx+++3vmMR9HS7MTK8UAMIUAKDh6NGjJt9I3kwDO/z3sWPHJnKbXX/99bZTuBhlr3rVq/59u3C10Z41/3N33333b0/i/v6bv/mb9/t/p2nKSQMAYQoAUHDSHsDcn6c97WkT1zt18uTJsX3tH/nIR343/zXfo9ZPz2S+Z8oHqkmbO/XqV7/6s2HADNcUAwDCFACgpYFc9vOdOXNGb33rW2+clG20Z88eOylDvXwI8kGqn54pH7ry8+W+9KUvTdTcqS9+8YsvCz8b4zKUEwBhCgAwJKdOndr0elPtGtxpmupP//RP75uE7fTSl770Qr1eH/ueiR07djT2TzjHrZ9QnS884hljGsU5xt21115r89uHIAWAMAUAaNtALnMYk29sR1E09sP93va2t+2///77t03Cfv7+979vpPXzf4qCVS/7N/8zZ8+e1U/91E89Ms7b6JZbbvn6mTNn1hVXYYgfAMIUAGCdmZkZ+QZ2WXffw4bnE088oZtvvvnBcd0+f/Inf/KDSSs+kC9v32+QbteTaa3Vfffd95RxHd759re/fcmXevfzyPznYpzWFANAmAIADMmxY8eMVG4Rinxj/ctf/vJ1t9122zvHbdssLi7asrfNVguHdubL229EPmimaao/+7M/G8vhnR/84AeP5QNjuHwAQ/0AEKYAAIUGNZTJB5G777777W9605v+xbhsj/379zfmzYxL+fN+9/dmgnKn/7fWqlarjdW4uMXFRduut22cFmYGQJgCMAE2u36NJF24cKG0BiA6O3XqlGkXGDYbIsL5OB/72Mc+8brXve49o749lpaW7KVLl1q+NklD/V7/+tcf2Ojnqp/HjkugqtVqttPxT48UAMIUgKGz1m5qaMzBgwdPlt2wR4cTd8G8GV86u0yf/vSnf2OU1yTavXu3XV1dXRceJmmo37vf/e5HwvcXDvcbRFB5y1ve8opR3A5vectbXhEGKW7WACBMAdhy4SKgmwk/hw8fXgx/niA1WCdPnjT5bTyoRua99977rFGr8vfLv/zLv1Or1Wy9Xm8JkT5ETdqcmde//vUHwuIT/Szc26+77rrrMy95yUtGqmvvpS996YW77rrrM/lzFgAQpgBsqbIa4EmSrJsAvpFgh41vr3CIXtmB6oknnlCtVrO//uu/fsNWv+8bbrjBfvKTn/xd/17DnpqNVrwbde9+97sfCYsslLWP2z3X4cOHzf79+0diA+7fv99+4xvf2JZ/3fRMASBMARhJG5k74XsC+l0DpygMoDcnT5407RrGZQdT/3wf/vCHv3HddddtyY567Wtf+5FarWaPHz/ecqz44B7O/Zu08uhSNlcurLxYhnaL+krZPMharWZf9KIXbcn+fvGLX2yvuOKKxnw4brYAIEwBGDlhANpoA+3AgQM2f6e4jIYP4aq7ubm5dT0zZffK5Ht8Tp8+rVqtZm+88cah7KDbb7/9HbVazX7uc5+7zYen8D0WDS+d1Ib3Zm5WdAvKRV83xuib3/ymarWaffnLX35iGO/xp3/6p7+3uLhojxw5Usr5CQAIUwAG3jiTWift99M7df78+ZbnK6tngDkR3T322GMmH6L8v8tubOcD8w9+8APVajV7zTXXDKRowYtf/GJbq9XsJz/5yd/2Icq/jjBQhb1xk97g9utOlblvO80vC7fnfffdd2WtVrM33HDDQDbys571LFur1exXvvKVg+32I8P7ABCmAIyc/NAh///dAtUdd9zxgsXFRRsGpzImh/uGcbVaZef00cAOG8VlNzg79YQsLy/rrrvu+kytVrMHDhywG13w921ve9v+F77whbZWq9larWaPHDmyLsyFQTsfpCZxaN+gA1W+l69bmJakY8eOye+jQ4cO2Y2uR/bmN7/5lTfccENjfx89erTrsRveKGDYH4CRaUexCTAIg1qzpOw7s4N+zYN8vVK2xs7q6uq63oMy7+AaY7SwsKCHH37YSNKePXtsvV4f6PFjrdXp06cNx2hvDhw4YM+dO9d2/xUdC8O6yz87O6tdu3Zp586d2rZt2xNpms4tLy9ve+KJJ/Tkk08SbjZx7IY9S1vZaxO+jh07dqhWq2nHjh0XK5XKmXq9fvny8vK2U6dOaXl5eV0IHidLS0s6fPgw1yDn0KFD9vjx41N/nd+q8wBGR4VNAIyv48ePm1qtZsM5M2U3qqy1OnfuXOMitLa2Vuq8HH+3OSxiwV3n/jz88MMmbCTkh/3lw9MwG90rKys6fvy4XOGIXVvd8J8Ep06dMuGaS/mhj8MWfmaXl5d17tw5WWu3SdpWFLzCvwFg3DHMD5gAYWOmzMZUUWGJshts+d40Glkbb2A3TuwunOaPEb+9t2ob+yFaBKly93f4+RmF+WP5383+BkCYAjCywhBVdhjJFzPwC4YO4vW3ayii/wZ2/jgI/z1KjWxsfn/n923Yy7vVBlF9EAAIUwBKdfLkSTPIifj5BnDZDaN8AQsa3OUEqnBf5Y+JrWrcsm/LNz8/39ino9a7S4gCQJgCMBbCBtRWzZvYbIPLv2aq+G3e0tJSI0QVNbK3slAByvXII4+YmZmZLQnMRcP5CMwACFMAxo4f7jOIdYbyYa3sIgbhJHpJevzxx2lxb9Lhw4fNzp07W0LUIBZW7rexjcE4duyYqVQq6+ZODbwBkTvPhJ/jYR9rAECYAlBKKBlEQ6poQdiyGkjh0EQaXeV56KGHTL6HathBh4b18Jw4caIlUA3rnNNt3xOqARCmgBEJCeisU9GGooZNPw2covLaG2lUFzWmwzLeJ0+eNON+rI6Sw4cPm6Wlpa77bdCfr0E1rLvNEcqHuGEuZrxVgarTMNlJCzXD2v5bsZ/HZV+1W8Nu0t83QJjCeB2kQ5oDNCl3z9sN8RtUz1KvDd52F0vfMzXoRXqHcfyUPbyyrEBVVEa7aP9s9ZyqjW7zdvOF/LkjXIdp0hu8x48fb/RI5l/rpBV46VQtsKzzmz9vWmu1Z8+ek+N0DRpm73P+fL7R5+HGKQhTwAAuLmVXp+vlpD7s31mWU6dOmaILqG9IFTU8hxlS2zV+JuECOuoNVX9s5I+B8DWP43DLohsE/j35ABX+PQ3yAXrSG6vtznllPG8YzB966KHFQZ9DyqzIOOibO2G4DCuH9vt7h33NJbCBMIXpOkCjaGh3y8PfM853cNsFqo1e6MpskPjtmr9wjvO6UvkiD6Ps9OnTJt9QC4/3UexZ66cxXdTrWbQg9LQ0pvy5YCvmyw37MziI9xd+HtI01cGDB08O41gu6/oz6IDy/Oc//3lhiNrIOXAryvlP+nBfEKYwIcqs9Ob/rlQqWxIAxlG7IXNbERK7Vfwa9wV6wzlf49DzcerUKbOwsNA2cIzjsV8U2Id5fhr1c0H+Mzhuyyd0a8jmC6yUPcTP9+p/9rOfvXLQx3HZcwoH6d3vfvcj/z97dx4jaZKf9/2JeDOrumd2Zufonem9ZrkUD5kja0UCtESbIq21AcqUSEGiQEOQ1xIpE7oFiZZokbIhULJlg7ZMGIQOi5QtQrZkWOISlEwTJsFTgm0eIExyl+Qe3Jnlzuwc2z33THdX5hs//xERmZFvvldWZVVlZn0/wEx3V2VlZb3vm1HxvBHxi+b2C2Ww2vQ9dFHTErf9fVjnBcIUzsU2g0/urL744ovn+pvh0CqONddNXEaDX45EtZXmvsx1Um3rSs7aAdqX6+Y3f/M3XVuIPa+Nn8/7GmsGwjI8fOADH7jVt2bsLB588MG9OEYvvviiO+/tEy5LblvyNXv79m23zRs0+bkvqqO/b0G3nD67zUJF5+XWrVtum9c+BbJAmMK5OTo62nqH/CJ+kV1m8Ni2spLbZXX0m79c8y+xXajc99GPftRt87oxM33t137td+7TNXL79m13/fr1tZ9lnzoHbeu/cgfn9u3bLo8m5A72Nn+2p59+eq96UWVH8lDWj+UwPZ1Oz2WU+6Kn7+5b53yb02cv6vfuNr+P916PP/44nb4rjjiNc/Poo49utWW8iOlg+/iaL+PnOksYds7tTAn0bR2X/DPu85TFy7xGtnHsy05d13nIP+O2Oqz7fL5v3LhhhzI9qe08bON6bo54nvf5/uAHP/i5X/qlX9pakYsHHnjg3AP/Vf89v0u/z3B5GJnChXR2mn/vGm3q6uBcZqfltAtqd6mj1bUQvUtXJ+s0C72bj9mlXzz5HA2tFRqzBmffp3oMTY/qWpNyUSPHze/RLDqRR6LG/Ax903zGnEfn3NamiV6WW7durRyrvp+77/q+yHL6zdfQdb5v3rxp2yotfpHrTPvWZI1tk8vXfREjp21VI0+7v9tFHeeh382n2YMRhCng3DuqzV+4Xb+cu6pxXcZrzsYspi1/LjPT8fHxzp2PXMlt6Bdy32Py2oG+aR1d1cMefPDBnb2T31xA3XV8+jqOh3J3sq2D2qy41Zy+Ofb9cZZOalshk7EhqnmO+r5v32srf/5tTRPdlfPdd377ysoPldMfKls+NvSU52TofM9ms72uxtp2s6LtvdYsvlFWFf3mb/7m913Uay43im5WjO26rrp+R1308R66qdtV/XRsMMPVwEWAc/fII49Y275CzWDVXFNzWY3Vk08+ac8///xgQOjqbO7DBrSPPvqo9XUY+/aqatuEty08lQupd/0XTte0j3Kz174bAYf8C/XmzZt2cnKy8h7tCkd9H2t2CjcJul13uk973B999FErf5a2a7r5c5Yd10M+3zdu3LDmTaTm8RhzvsfeFGs71s3fBZu2q+c1ZfWizns+B83zMOZY58q3512wqe01d72/m+1o85w75/T4449f+A2Ktuukq91qu04JUiBM4VI7q22ljNsa4ctqrD7v8z7PXnvttd47Um0dAmm/RijK89J2/Ls6z12/KJu/+Pfpl01b6G/7hdq8y7rrwXnbHaa2O+F910Zd14trqLmB7phRifMK5l3nu3mOmzcQrlIHqu8mQ1846uv8N/9eXgttjzvN8c5hedtTby/y3Jdr2vpufDVv9lRVdeFBqu0mRdlGDl0v73znOy9tpLds07pGAK/aDTQQprCHv5jbGqrpdKrnn3/e7dJrLjt1bXfW7r//fn3605/ey/fUY489ZvP5fK3jOGbqW/Pu/bVr1/TMM8/s/XEY6kBe9YXHN2/etNls1huANtlvpu94n1fHpeyw9t04OIQCI9t4b9R13dkOdJ3rrn2guka5zhoGnnjiCXvzzTe3+rOfJdhtK/S3BaeLep9s4/h3/S7Zhdf8+OOP23w+H+ybXOZ1AMIU0Buqyl+2l3lXbeg1l3fZy9d+fHysZ5999mDeS22/DLumPuzSL8Tz6GQ3f86qqjSfz6/UaNRp3ttt03rGTJM1M7397W/XU0895S7j/d3VWaVaV/dxG3MXv/m58s9tv5e2XaktXwsPPvjghV+X2fvf/3579dVXV0Z2y2v05s2bO7eG713vepfdu3ev89zv4u+MZoXLsm9yHtcqCFMAAAA7Gei32lEiUAPoQTU/AACw98rCDdtE+WsAhCkAAHDQCD0ACFMAAAAb2tZGvW2uXbvGAQbQacIhAADgcDTXDe1KddTzdHJyImm5AfdZKkmWnHMHVWAIwPbRQAAAcAABqm0/tBwIDnmfrEceecS6NmDeBkphA+jDND8AAPbUt33btz2RR6JyiCi3b8gfz5979NFH7ZFHHjmoxUVlqfDyZ92Gqqq4yAD04m4LAAB76D3veY/dvXtXZZBqKkepmhsTH8KIS3Nj9W2um6IkOoAxGJkCAGAP3blzZzES0xammuGpOQVu30eouoLUtgIV1QEBEKYAADhAOUi0BYjyY32FGJxzunnz5l4mhscee8yaP0sOQNsKQR/60Id+J1cagCEMXwMAsEcef/xxm8/nW3u+69ev65lnntmb/sDNmzdtNptttzPUUriCwhMAxmBkCgCAPbKtIJXDw507d/TEE0/sxQjVe97znq0HqfJY5L8fHR1xoQEgTAEAcGi2Vf67nA745ptv6vHHH9/pQPXYY4/ZnTt3tnoc20KV917PPfcco1IACFMAABySD37wg5/bVtW6HMjyuqr5fL624e+uuHHjhtV1vdWiEG37UjnnGJUCsBHuvAAAsCfOM+yUIW2X1gs98sgjts2S520/cy7WMZlM9OKLL9I3AjAaI1MAAFxhZaAoQ9tlj1Ll13BeQUpaTvULIch7r6/4iq/4v7giABCmAAA4QF/5lV+5tc5+LiPuvV8poV5OfXv00UftPe95z4WGqne/+91248YNy6+hWRximz9/M1T90A/90O/lKgOwCYayAQDYIxc1YtRcT1RV1blOgXvssccshLAWnvo2Ht4mSqEDOI0JhwAAgP1UrnPadtBoPlcIYbF+6ebNm/roRz965vDxvve9z9544w1JseR7/hm6fqZtB6n8vSg6AeC0uAsDAMAeyZv2Nqfo5eCxrWp/beGsK7BNJhO98MILg9/0xo0bltcnlVML83N3fW4bYbM5ylV+31u3btEfAkCYAgDgKsiFGcrQsa0Q1RWsytDWtcaqLWyVIaYrAHYFoG0Gqfy9moGK6X0AzoICFAAA7Jnbt2+7tlGX8whRzTDS/F59ga4MX5LWgkwzhHUFrFN1cIrXWAa/5nHkagJAmAIA4Io5Pj5eCQs5sGxTM9TkgFJW2ssjTeXXlBsCN0NZW/DLQaoMXWfVDHnNn2k6nXIRATgz7sgAALCnmpX9zqPa3SbPWa57agaY5qjTJmuyzvK6y1G1cmSKUSkA28DIFAAAeyoHgrYRmG0oR5maU+TaglBbkGp7fV2hqTmStY3Xnl8PQQrAeaAxAQBgz53H3lNdgWebo0fbXifV97PkaX8EKQCEKQAA0Bmozjuc7IrmyNPQz0yQAkCYAnDx3vyk6eRZqX5Vck6yIPnUaQkm+YnkH5Ie+t20KcAlB6qykMPQHktXoqOTjsdLL710Oe3Tmz9gCs9JdS15J1klKaS2tJL8I3r39Iv07LUvpf0ECFMADitEPW2696sxMLnUZLg6dgKCxb/LSSFIVSWFWqqm0kO/n7YFuORAdV77N+1qWCrDY/Pnv5QRqde+z6Q7kuoUnqr1R96AAAAgAElEQVTYVrqJJEthyiSlj1fXpelvl679W7SfAGEKwN577V+b5q/EX/J+EluLUBc9s/Q/n+6w1rFPIIX48eq90oNfThsDXILHH3/c5vP5Wug4tJGprp8pj8RNp1M999xzF9sO3f1h08kn8guJ7aOqFJxSz8skmY8jVc5i++lSsPKPSw98A20nQJgCsLdu/7TJ3pCcj82EhdQBSB0DFySbSZb2afFesjo+rgpScPFx/gHpoQ/SzgCXpFmY4pCn+5Ujb8453bp16+Lbnjf/N1P9jKSJllP5wjJMeV+EqolUpzbVW0xYwUvykr9feuCP0XYCe4DS6ABWvfzjJnsrdgaCS3P8w7LFMEnmJHcs+VpycynMUuDykqVRLM2l8Kr02k8bBxW4HM3pbXmD3UOa7te2h9SlBKm3/plJn0ntX4jtpExpWF+qLAYpS4HJ5jFzVSbVKXhJ8WZVeFN67X+h7QQIUwD2yqs/Z3EqX2oavKVF05PYITClqSiKI1FhKrmjeLfVm6Q6Tgs0k8IkPm7+kvTmr9IpAC4xUE0m8f14iOumytG2o6Ojy1kfdfenTPVTKSyl8OR9mg6t1CamUany1YU6/uddHKXyOXAFyV6R3vhh2k5gx004BAAW5q8Uv/zrNAJVFeuj0oJpU5yi4ufLx8cFU6mj4NO0wHS39e4nObbAJXrhhRectJz2d2jT/Mzs8qr1SdK9n4/hKWi5Jkqz+Pc6jfCnpjGGp2KEKmWvRejKU6klaf40Fy+w4xiZAhC9/HO2ctfUTdOaqbD8TW9u+ctfYdkZWFPH/3K1Khek13+FO6zAJbt9+7b7wAc+cKvr820FHcqRrK6/b2Lo64aCXvPrP/ShD/3OS90/6o2/a6pycZ4Qb0SVr6ay1al/zqW2M38sFD+8iqmAijMB3vjfaTuBHcbiRgCpl/Wjtpje74pf6vkX/lqLERpPENYDVQ5nuZrVI19HmwPsiJs3b9p8Pm9dQ1VOByyn0Q0VsMhhrFkMovl8bZ8vv1cudd78XrkMuvdex8fHevbZZy+3TbnzYdPsE3FUSqZFCfTaNdrLYspf2w0o67q3nQpXPPTnaDuBHcXIFADp9Y/ZMjilPaRWOkttI1BDzUclabK6qBrAznj++efdrVu33PHxce9oVA45beGmqQxBZXjKfzb3gyo/3wxeXXtlXb9+Xbdu3XKXHaS+ZfbL36TZx1N1U1uGpdB2fELH39XdPjrFkamJk+78LKNTAGEKwM6avxKbA5eGpBZTURp9FfObNSeLEa4qLr5+g6l+wK557rnn3EsvvbSY/lcGmK4RpDY5AOVQ1fbYZohqjkp1Pa+0nM536aNRyffe+7H/SVUuyBNSqMrroEJLQNo0UKXFVCFI4VkuVGBHMWwMQLr1kyY3S3dWFwmo+LvGdQpcWyeheI7JQ9LbfzftDrDjbty4YW1hp23N1GmKWfRNB2w+/6WUOR/y5t83hZfjlD7Nl8V6gtIWErbaxTJf/DPdeOqa9lfetMr7VPm3SQ/8CdpOYAdRzQ9A+sXv1/eTaoahVr4Rqhr/dpLCPFb/04xjDeyBMsDktVXNEDSuaWmfspfXabUFsuvXr+uZZ57Z3eBw9wdN819L++ql8n0uF4yoU3NZNdJjGGgrfeOx6fNmkq+k+i0uSoAwBWB3heWdVBdS01CXPYFGoPJqnabSDFnO4hQVlxZjB26sAvvm+eefX3njPvnkk/b8888vQtBQQYpmWJJW117dvHlTH/3oR/ejcTj5WdPJjxVBx2K75hRLnlv6ey5xvkkb3LXyItRSxaoMgDAFYHc5xXVNbhanmJhrmQTc2LR3LVC1BCxLVfwU4qLsKU0OsO+2HXxu3769Pz/8vZ9MhSFC2mjXp6YvSFWQQpXCVWOan1SsqRpp8RRe0hEXHrCjuNUBYPkL3qbpbmr6pe/c6t1VN9SENKr+WepAqFruOQUA++jN77a4UXlxg0ha3kOqfeOGU1gPRwrFktRQ/NfyeJcfW0vuYY4/QJgCsJ9BaygA+REfo6kBsM9B6h+Y9GYMUH4mhWkKPLVaElNhZBn0rse7tCZr+i7OAUCYArB/Qcq1NBOuoynpClA0MwD22J1/btILsdhEpTSNrxyxHxOowkCg6qiQGurY5h5/JQtOAcIUgN0NTb7x96GRJRf/G9yHyvd8DgB23Oxfm+xX0hqpWqpTYQk3bzSJbYFqYJRqKFBZHTfsrZjiBxCmAOxfqBozVc91PEdbPwIA9s38x5YFJaySvI8hx9qm79UjnjCs5q08apWLTeT1U7nwRJD0tg8xKgUQpgDsV5DapMlwI76GpgbAnnnjb5hCFav2zXM7N4v7PrVuUK4RU/46uOY0v7SlRPU+zgNAmAKwd83Corqf7566t7KHiutoWsastwKAHXPnu0z+RFIahXJO0lwKXrGiXxl8Ng1UYdxrqK5J938DjSZAmAJwcFo3o2yuoaJ5AbCH3vxuU3h9WQJdIVbwcxPJFyXRtWmgsoGvaXzs/j9FkAIIUwD2pynwcTpLW/OQR6hyfyC4ZUWr3n2oaG4A7JE7f9fkPqe1Tcjzfk9lWFr8p9W1Tov/BtZQmaXvYZK39D2C5LxUfQnnAiBMATi8JqJl/RMb8QI4BHf/kck+G9u41r2gwubP2Tflz1lsP51Jcx8DmJekB6T7vpZRKYAwBWBvLNZI5ZJSQ81EfvzIfaiMIhQAdtidf2IKH4/tV7AUgja9URQ2C1ROcTaA+TR90McR/7d9C0EKIEwB2PumwW2y/qljH6oyqDX/DgC74OSfmewjsc0LQap8kaPa1jo1Q1Od/tswUOXRrzy1z82l49/N+QAIUwD2knmtjCoNTt8bsQ8V1fsA7LI7HzbVPx/DTghSpTgytXbjZ0xFvroncLUEquDj1zhJNpcmXyAd/y4aTYAwBWC/Q1W1DEJro1ObjlABwI6a/QuT/b+Sm8YA5X0MVH6WiuuoP1C5oTVUA4HKpZLrfi5VD0nX/zBBCiBMATgsrqUMekuVv7bPN/ehMvoJAHYlSP1L08nPpCA1lzSJo0PeF5X7wvDguuua8lcPByoXpLqSdCzd96dpIAHCFICDsRKQBgJVaweDfgGAXQ5SPyVVEynci8HH1TFQaS6pKpq4ZqCyEYGqqSdQVTPp/r9CgwkQpgDstVwvIlSNUJVK91pbqBqxD5WquLCaJgfALrj3YVP9r2IVvVCnNi23a/PU1tWre0qthSFb/rGoT9ESmIKlp05to5sVYWySwtSXck4AwhSAg2RVsX6qCFe9TUhjXVUOYwBw2U7+qcn+n7guam30fGB0yYXGCFRbu9Z4jqnFYLb42mnanLeS7ETSe6Vrv49RKYAwBeDgQ9WyRzGyGaFpAbBD7v5j0/wXJLsX10VpPuKL6vZQ1RuoymxlMTypjiNhdQpSOpH8g9L9f4wgBRCmAFzZQLXxPlQ0NwAuwcnfM9kvpjbrSApvSjaR3CblzvsCVcc+VM7HL89/TpSmD06k+/8iQQogTAE4GF3BqPx4M1ANzt7zhCgAl+vef2+qf03yIU45dk7SteUgu7NGqOrYI2pQSzCzNJ3QglTl72/SA3+NIAUQpgAcdqDK/YNGB6G5hmrjfagA4IK89V+Z6mfjVLvax0BVz9qn+fWOUnWMTg3tQ2Wu+Ng8Ps/kqzgvAGEKwOEHqp6moTlCtWnZdAA4b3e/3VQ9K1VzaV6lUOOkysXiD80bQ62agape/3zfGJOrlyEtTCX/pHT8exiVAghTAK520NogUFnjTwA4b3f+skmvK66PUiz+4F0sCCFJmqp9tGlEhb7BQGWNv6f1UtV7pevfSJACDtCEQwBg8fvfpf9ZS0ejdcpf3QhV5eN8nApjk9Qh8ZIqjjWA8zH/UdPs/5D8nbRn3nwZdNLA1OpMvHq9TXKWpuc1A5VfD1Q2TXtHKY541Wktqbf01KktrR6Xrn8TQQo4UNwuBrDOjfy9P7gPFQBcgJPvN81/ME6t0ySVJC+CVKfTjlDlrz2SNJOCj2HNhzgCVuWNet8u3f/nCVIAYQrAlQxUzg0Hq759qJjeB+C83ftbJvtZyVUx89jJ6o0d1zI1b2g9lBtxY8g5yZ1IdpRG4ev4saqSbCbpmnTfXyFIAYQpAASrUwQqN3aDXwA4pbvfbrLPxPLjeZNc57Q2kuRaRqCG1kMN7UNldWz7nMXw5n2a6meSuybdTwl04CpgzRSAs4WsfAfYqqLDUu5DRX8CwJbNf9RU/wspvCLJ4sa4LqQ2qFLr+kxXj6ji11hHlQPVYh1VDlQ+3huy/Pg6La1K3/u+v07DB1wR3CYGMD44NUebhvahKpsapvwB2IaT/9FU/6Ckt9L2dmlj3KAYZILFYNW2AW++4bNoykZu0Ns2SmVaBimnWHBCku77mwQpgDAF4MoHpb7H9jEq9gE4J/f+C5N+XrK5pOPlx6uQyp+7ON0u2GrwWQtUdffn24pStEojYZbavdpJ9/0tghRAmAJwpUPVNr6WQAVgi942/ynT3T9r0jNpOt0kFXyYxfBjkzh65E0K4RSzi9uKUjTbOFv/d6iX0wuPv44TBRCmAFzp5sCKDoNtGLrapvzZJP2ZygYbN20BbGj29+2N+vsl95akKq6P0iy1KbkbM0+hqmifrGd0SooByNWN4NUyimW5fXSSn6c20seHVpP4eqb/gTT5t2ngAMIUAGjcCJWj3wDgnM2/1VT/fBp5kqRpKkM+ph1rfqBjfVTXc/m0Dsspllv38/Q60hNXXgp3peprpcm/S4MIXFFU8wPQE5ZsXKCyU/VsAKAjRH2/qf4pKbycmo4UhOyO5CZptLuorLdoZpoV+6zR9gSt3Ude+5r0vCFXCEzdpfxUQXF/qTCRjr5emnw1jRtwhTEyBWBLwasHlfwAjDX7DlP4yWUY8vMYoGqfKvdJqmbr4acMRyv7Sg3sF5W/Zu1jRfCylKRsFqv2OUmTr5MmHyRIAYQpAKDJAXDZIep/NZ18s0mfieHGz9M6y4nk7qZpd5Wkefpzk4B0mkDll6NizsViF1bFAhfXvtvp6KsIUgDo2QDoscm6qE3KqwNAaf6tJvsRSffinlF52p2zOCpk0/hnlYJNaJtafJpA1bMPVbAY5lwV10yZYrXA6/8dDR2ABdZMARgOSaPWRA08nnLpANZC1Pea9ONS/bxUHUvhJAWYtI7JLFXvM2nipdri373Tsnx5c71T35qo5hqqlq/JgcorBql6Ev9UJV0jSAFYxcgUgHEBCQC2qf4mk346TtnzXqrvxWp5fppyj6V1SycxBIWQ1k+59jVOvW1YY4Rq7A2iXGzCrjMiBaAVI1MAil6DtLjH4prTadKI05juROdoFvdvgCtv/tdN9utSuLNoWmRVumkzX+7r1Fatzyotp+ttmG3KESqn1edxqQy6pvE1OCepknwt2cPS9b9JkALQip4NgDSFpaU5aIYn58bt75IfCwBZ/Q9M8z9sso9p+F5uc/1T30hUPfC1XW1U+p+3VHF0GkehclsYTNIN6RpBCkA3RqYAtASlsN7psPJxNv6m8KZrrgAclvBhk/2gFH48djucSdYIQGt7PY1pW1K7Ym3rp8o2rGMfKqsk3ZNCLp5TLx/jJE3eLx39pwQpAIQpANsIW6cIVHl0aswGwAAOz/xPmup/kkJUvSxpbjPJTQcCVbOYRK3VYhNt2h7TUWAiWNy/SkrtWR3XbGkq6XdIR99EkAJAmAKwSWBymwUqAhKA1hD1F036tGS3Y+W9MEuF9FJgchO1rn1qDVQqwlBLBT+XSpj3aqnyV+V9q/Ko/FH8/tUHpckfIEgBGIU1UwDWA1We8mcdgWps+NIpHwtgP83+mil8fQxSri6mzzktitistQeNhsbVLdX6BtZQOev+XNdzhBBflk+vwZt0/PccQQrAJhiZArA64iRptZJWW2dH61P+CFTA1TX/DpP7iGS/mkZ7aikcSS6vSUrBJa9vCr4lUG3aPjRGqVrXUBWfXwSqXLHUp9dSSe4B6ei7aKAAEKYAnEZoCVQD/RzfuMtMkQngCoao7zS5X5LCxyU7kqpZbAtC2gvKTSQLsbtRV6mdmUm+OsUs4Zapemdq9rw0qSV7n3T0VwlSAAhTAE7JVKyBSh0W54vRp7CatEyxw+RH7kPF8irgwELUXzaFpyT7lVRWvAgo+T2v1E7kqX4+r5fysZqf+Y7pfrlwTTG6ZM0qfR0V+qQ0QpUanZDWZjmXnrZevl4/l/SV0tEfJ0gBIEwBOAufOh910Ulp3gUuEpErAtVZyqYD2B/1j5jm/6fkn5fsM6mIRGN9klUt653UHnw6p/2OmfIX4nS+rufI7ZKvl4GqtlhB0AXJe73Xf0ifqb6a1grAmdCIAJBu/azFIFQvR6RcWB9NMutuOazxONfoE5mk6QPSw7+ddgfYJ/N/ZAo/I+me5OYxQNlx+rvUWvChL1Dl0LWiGu6iNL+mNUw1HuOmUpjHBsinv9sN6dp/SzsEYCsYmQLQ0iEJy77MIiT59O+OTtJpi1IA2NEQ9V2m8EuSfiR2F/w8vrfrSnInWo5cVzrTCNXodqprOl+p2GfKO2l2IlVO8l6aS/K/TTpmI14AhCkA5xmsrCMkrQQvGw5Ui48RrID9CFA/YAo/IbnX03ooi6HJ1XEkaDGNt1kIoiVQbRSO2jbbHbEPldWSq1Yfnx8T5rHQhQup2MQ3SJPfS5ACsN1uE4cAgG7/XOqFpHVSefSpJzfFj9vwlL/8+WBM8wN2NkT91yb7uFTP4oiOO1G83+rTG3oew44p/r3zpkq9HpiGnGbK39rX+dWiF1bF1+iDFN4hHf1t2h0A54KRKQA9nRwt9tpc7Tflil2hvUNF9T5g99Xfa5r/vKQ7Uv2xtIFt6hbYdUn3lhX3XBWn1VkV1x7ZrGgcrBGEGlX4hgLVqCl/LVP68vNapeWNoPTXxSbBXyEd/WmCFIBzQwMDoHtkqq2lsCJM5bVVbSNULpVNL4PY5G2MTAGXaf6PTfNfkNxrMRy5FIyaU+6aN1DMUinxFGrW1kU27p7YfHUt5kYjVFVRUn1El2Vl2l8KUdU1afK9tDUAzh0jUwBa+ijVMig1O0rNohRS9z5UZYfMtXS4AFxAgPqfTfNflqpXpPon0sy9Ku31NE9vzmr1/W8pVC3e99YYPapbGpGynZisBqpFOfQxRSnq5VpLN4l/D0VDsqgUanHkzIf4Z/67npQm306QAkCYAnDBOrd3GTNvr2UfKgAX7p3zn7Dn9JE4dU8zqf6/JTeL+y0t3uPN6nsuVcfTaqhaPK45Gt02fa8lUJ15H6p5mmqYimCoitUEJ0EK+TWn/2wqVX9UqigyAeDi0OAAkF5K0/wsLPeZWtm0t2M639h9qHIHrrpfevgDtDvAtp38U1P4VUm3YuhYTMMLxZS5sgJfWA86rusOSDP8hGXwaTVQlKL3a4vQtRgtyxv0htS2VGk6n1J7FSR9sTT9TtoWABeOkSkA7f2fvsflLsvQPlSdI10Azhae/rnJfl2qX4yb54afWW5r4CZSCCkc+fj5xRrGNGfO11JoFotwPYGq5FPA6Zq6N1CUIoeloREq76R5SAUwZpIdxdfotQyIdqx3uj+q5yb/Pi0NgEtB4wNgtQBFHplyaR3CQuhOXm1FKWTLMMXIFHB6s58x1Z+S3NOS3UrvU6X3p8WwZD4FDL8MTd5Wp/Ut3o9hOWVuoW+Uqi30hPYAtN4w9HyPoaIUM0nXFaf6HaeP5Wl/JrkvY20UAMIUgB0KUy71tnKYWgtLHYFqaB8qwhQwzvwnTOEZyT4r2Ytx41nVaf1RWfDlJBV5sPXKelYvq5YHkyorRozzc1SpvLm2F6haw9EZApWbSGEmVVNJ96T6enx8eEg6+j7aEQA7gWl+AFLHpSwg0dzPRS2jT24Zlrr2oVLNcQXanPy4Sc9J9eckfU5yd+L7Z/YvVzef9V4rdyRcSO+zKgYtnwKVpWlxFooKeunNGdJ70ueCDlrf/mBQ2yjWKYpSbLIPVTiRNI2BUFUKkb9fOvrjBCkAu9N94hAA0O2fs8VaipyOXGjc7W6Z8tdWcKIMXfkOOSNTuErm/8oU3pDsFcnekPSKFF6TdBLfO3ltU36f5RGglW2b6qLYQgowPhWNsKqYute2H1OdbnaEFLDyY1JoyRXwWkeUT1OUohihGluUYtQ+VHPJXYuP9U9K/r+k7QBAmAL2xQfvvvC5n1B9Iy7uTndz6zpOmZGk4Fenwq10FFx7R6NLGVpWOhhtz1d+XRh4vo41T4un87FPZLfjz+Or5RS/YO0tROs6Kmt/TDCpynfL53GDUPdg2hemeCFm7S2TjeiUDR3TtZ+h7Zi1rf9Ia8bWznFHZ3Gt09lxblzP9ZCrKFrLCOGiw91yreTntIHrrfN7W89viHrEdRw6/l2MXKy87o4R0NHnpm4//m3VJRc3CYprYXG8ivMbLI3cpNcaguRn6RpO77Uwk9yJ5O5J9azxOmzgeLe8ZquLc2jDwabteLh63HVXblvQFYT6vv/g62t5XU6xfLlXPJ4qgp9Z/PpcedBNUpvT/HkekSb/kL4KAMIUsJPufNZkdyR7K979DHlURloudA5alOJtTmsL9WqncCUU+I67xkXHw2w18DQ7f21ha1ySWO3Mtk3pyZ0qN5XqtHDdWQo+qXPZ1UqYb+lAtYxi5dEt841OrS0DYtvPljfsLD/VXBcy5risdGbDyHAx4mOtHcvQcrzCwHPXA2Fm4LWUIWrlNQ0FH+t5nLX8hgibH6NRoXPMsQ7Dx9qGgms45efarvO6uLYHQumoIN53bZ228MPQeR0bwMaMUg08lw+xncztqCuCZP53SO2tz22tSX4quT8k+W+knwKAMAXshJPnTPVbUngrdb7c6ujLouiCX05NK8OQUwxci1GioM5lhzZylKIZvhaBaig0+BEd5Y7HNUc2FntLWerE5BDTDDNdgaoRDtv2mDK3nNrkbTWY9mSJwXUdNtSEhXGBaVSoCgPBYMzzjulcjw1WoXH8wriw1/qxekQw3/RnG9MZD8NBcWyY3Ohcdh3jtmlz4XSBZXSYGhPWR3zvjQNV83lPc/6GXl8taRrLsMuWbVtIN280TzevLE5dNEn+RHK/R6r+Av0TAIQp4NK99bTJXokjTlbFO5+uTkuDqvTLXFquSyjXL7hlmfA8BSjfRV0EkmaFrOZULD8QBqz/4y6/JtcdvpodIdtkwygr9m1J3zCPluUNPzUmUHWsoTK/PGauXj6/s3Rnvzp7WBrzMw+WbB4zanWazvPAv7fyutoeOxSm6vaRvsHAuOlI32nC4gbTMIc+3zpNMwyHXyuud0vvk/J4uXp8UDvN6NSoQDXmehp6bWMC2GlGp/JzzdOarclqKM83s1ya6qe8ofAHpOl30C8BQJgCLjdAPWWyV+Pv5nnq7OdF2IuKWFruxZJDw8odaR87Yn7W6ND7ZYeqrSSxtDqdzTZc39P8mKs6wpIf0aHueItbo3NcBjVn8Sl8FddQadbfaozZh2pxOHzj827EyNMG0xvHPHZMQBrqpJ9mhGrUSNhQsNL4YDA4MjVynUzrawkbhJVNO+Wh/znchtMNBx/fM/VtMaXXtbQPbT/TWUPVmKmk5zBCNRgOx5y/rjA1lXyqUqhp2nh3kVLTn7XkvliaUFwCAGEKuDx3nzbNX08jSSfp6p4UU/NyiEp3QENHZ3VthKXS8q50+TU2cpRozFusLyiFEaHBj+/QNZ/DVcV0uyJsmiumOtbDLUfnPlQ5qIXieKoY7QvLAGotGwE73/5zLwJgPT5U9Y4CnXY91aaBZyDInMsIWt9znHaU5BRTJ8tqcouXFjYIsqcIWM3PNadDete4bsK4cOdSifFNr4+dClR9YXJbgSqVPc+bBAefis8EqfKS3i1Vf5t+CADCFHAp7n3WVL+SwlNayFzn6nGpcxCqosNQp71YJGmSgk5o7/eYT1PfGkHHuaISWZDqga3amhtlDgUq61nvZG2df9/RcXPjQlX5c8kaP69vLBYfaDmGSqfnQBrCsiMbXM/zNTqfrSHJjwtSXR1OV45YbhgOTtV5Dqsd8vK4unr9ZfQVa8gjQ+XnXV9n2NpDks3HHzPZZsdncARu4HjZhiHX9QQB6zkfvmWU1OV1lWF9dMq7juO26fUwMtBexBqqUYFqwzVUptgeh7poA+aSvkia/g36HwAIU8CluPusKby03BJJabPKWrG4QUgbXZqPn3Opo18X03R80Y/I0+lyda7cqWpO+8sjNXl6oFPPNLWOktCdQaAvNDSr/dmI8DDQiV4rvZ2KTZQb98qv73vT13r0FaRY7KmTDnyu1FeuMRuT/5qve2jNWXkeVta8hEZncMNpeovpkTYQVk4xZXCtU7rh6JcbGaTWvn/XuiPreb4tFKXo7ZiPqbin9kDpGqPHbdX3cmny/H4u369W3DgpS5ivnP+hQGUjX/emZdO3VeXvvNZQpce5sKyQ6iXZ50tH30m/AwBhCricEPVpU/16Wqtcx1CzUsCg/CVf9XeyreUd0LpuaeS7pDfUtJU5H7nmqa18uOsKR76j09vV4fctr71Z3tu3d0D7Wo9N9qFaeZytv0zvliXau0LXqc5JR+fRdRyPrn/7lr2f+oLZ2FLjrmdqpdkGAWPMtM9Np/01K8JtsI7J9X2fM4bRMSOHptOVy+86rrZJCNnDfahckGpX7L/VOIeuKFbj0h5RtU/FetJzhEryXyJNv43+BgDCFHApTj5tmr+R5tpb2iw3rc+xvju2VX/nui0obbyf09ivO2UBic7Hjn1c/iE7Qk1z1Kt1r6SeQNXViozdh6ovdJXnx3RBgWrDkuLeWr7HlvagcvX4591amNowUG26D5Ub+j62YZgaOgZDYWpkoBoKU6cNVPuwD5UrbsgEF5vVkGYAVNaozNdoIyb/jlT9KfoZAAhTwKWYvWCa3Ur/mKdf2lUKUpVUz1YXkLd2SqrNQpWg3OEAACAASURBVNK2w9TKVMG2qXx+REjScKDqXGvVNmLStw9VI6C6rvCjs0376+rbW99GwacMVGPO62kDldsktGizMt2jAtWGo1Nrm/ueMVBttEFxaDln9YbH7TSBqiX8bCVQqWNN17bLpg8Fqrav2/I+VJYKSeRzuGhKnOTm8QNWxRkD7n7Jvko6+g/pXwAgTAGX5uTXTeGOVB9r5a6+y3dCw3ItlKruESqrNh992rQct3PdX9taTrmv2l9f9b6OYgutpdh9V1pp/NkR5tpCzZkCVd/zNoKd1T1TCC8wUK1VGBwKB6H99bpNRltGTPdTcd5t7NqlHJS7OuNt3/80lf7OqST8YKAaGSpNG5yLEYHKxgSXfd6HKl1jeVZAPoZ5zamTFObxz+oJaUJRCQCEKeCSQ9SnTPUb6Rf4tPgF7orOaZ066cW8/NYRqLo/TLVuWnrKUNX5dUG9o0+9Zc7VE5I0MOrlB0JUV8e1sY6quYnpWqAbKJs+Zh+qxT+bUwNtOFDpjPtQNa+BM5dPH1v8oa/63MgRqsGwNybMbGENlTtF8Y7W30Cb7LM18me1Tc/XhhUKbez52kaouoR9qMqKlxaKYh1Oqufp718uHf1J+hIArizPIcAu+JbZy9+kt34lBilJsXT5PBUfsNhJCK7Yd6he3YOoVdV9u8CN+N1fdhzOJJzhbecbrzeMfCuHxmNd8acf97PnY2g9HT5X9WcHF9LXNEOl6zhOjddsA7eANjk3bedybSSx6rlO/Ihj5wdecNfX+P7v03xdrcfGj3g9mzb51fBzro2u+s1/vtbv1bbhtO95Dt/x2E2Ox9Brb3vethHbEcet+fOtPW+14XEf8TWtr63rmnXxsZam8LmjdIPKpPnj0vQbpePvcwQpAFcdjSAu391PmcJbRdWqWfwFH6rVylGWFvu7SepIzuPfm0Un7IyjFdt47OJr6v7AMzgy1QhkvWuoWsKbddUbb+yxpYGRr7WpdxuWTV/rLA6toRoxSrVSoGLDczN2yt9i/62B0RfXUTp9qMrf0DTBbRSlKD/WuQ/T0OjSeYxQacRozJi1Z2Om/TULgIQNHz/m+2yjNPmO7UO18rxHkv9yafof0W8AAMIUdidIfcxk97QYAXF1/LtLJbF93njXp4XOeS+oIlS5RufBOoLG2HLoYzvgXdUAV9ZQNTosOdyUIaUvTLVN5esLVK37UPVt7Bu6w9Rgp25L+1CtnZOWMNW2PqoZVuwcpvyt7MPVV/K8o3Pbes1YfwjbKEyNCUJt4W1kwYyhKX+ubbPbLa6hcl3naoNy7KPCVMdrHVwT5/pDyeB0vx3fh8ok+Sel4z9LXwEACFPYKfPnTPOXezq3bZ2BqqeDOmZ0in2o2n8A9qHqbiHZh4p9qEaEnfPch8rVxQ0k1/6+cGNvgFSKGw3nohKV5E7i+81NJLuXpsN+sR6tvlS3q6+ijwAAhCnsnJNPmcJrkh31hJW6PUiNCl995dDZh6r9h2QfqnGBin2o2IdKF7gPVRotXXn+VPjBGsfKu+VT+iJ8Waq2Z22l7V38WjeV7Anp2l+iTwAAhCnstLufMOluUWVvaD+oWoOjSH2P7+wssw9VSwpp+Rj7UJ0pULEP1fhwyD5ULWGq+Zh69caGr+KnnZbVCxfnL61ztLKNq5dBzB1J1ZPS0X9MPwAACFPYjyD1MZOrpTpPMQlFRb4xAWiTQFViHyr2oTqHQMU+VONCJftQnT5QuTB8TVrjefKmui7/o3gOf0NyXywd/UF+9wMAYQp75d5HTDaVNFuuO7FJKiqh0weqwZGnxnOzDxX7UG1yPtmH6uyBin2oRpyvjlDlinC0uCbqIoinP83H7xvSlMAqV6G8X6q+UDqiAh8AEKawl945v2XPhRdSRb5ZqtKXN9x1LR2zTQJVrf7pgUNhqqdT7dyWQt2YMDUmJHWFqZ5AtTbq1facbVP+NlhD1azm5rQ+QjUUqFbCUtcaqr5z1ZNPnM6vbHrn829Y9KD1B9zGGqqe5+0NL2GDMLWtQNXx851m2t8mI3trr/O0Ya8jZNkmAbjlcXn0Pk+JLt/TwaU1eXPJ+/TYhyX/edLxH+F3OwAQprD36udNs1eWi5996nibYqCq6sYGkmOLSHSEpc4CEuxD1dlhYx+qswUq9qHaYqBiH6rWNZGuK5RPJH9T8u+Vjr6O3+UAQJjCQZk9bwqvSprFDoGfLPsJLpXjtqDV4hKnqMi36JBWA6XL2Ydq+Xj2oTpVmGIfqoGwwD5U64d+W/tQXZP8Y1J1Uzr6en5vAwBhCocdpG6bwgvtnYQ8EuWso3/WUb3v1PtQFaNfi9GE1BEPzU7epNH5nscQaG2vo1ENcNMO+yL/1AMPLEKDjdwDqi98dZ0Tb1I4kTQtnmeSfs6x+1C1TH8qp+85SfVE0kk8bBYU19H1hJlmcY61kaqWqYtDrdpGUzd9T/hQT5W/sH7+OsPBppX+mtX3htYwdTyvG1EyfG1N0aahyqm3xPlaeOk71uGMP2Pbz+f7R7GcFaNDjWuuvEHg1LE+MX3M1x3HMz2fr9N78Zrk3iFVj0l6RDpmnycAIEzh6rn3yxY74i3FFcppZZ2Bakwn+Az7ULnUybU0mmXNhd1ptMcVnR+ztI9LMQLm1b+WZ6hz2Dweg8LAHlTq7sx1tgAnsRCI5jE8mdeifLIsff0m+1BJK3fsXZWmdea9caq4viOEdP7rDS8u6/7ntveXWjt+pylN3tZBD5sHqa4AtJW9qPp+vvnA14+Z7tf3/NYfdjp/9pF7UOXRzq5jbgPnxOciFW5ZWty7jm8ZltMkrQhWrtgoV5XkH5Dc26XqQSk8LF37an4PAwBhCkhOPmqxc27rU8paO6ljikwUYWnTfajMS25WPIeLHRtzseLVXGktV+o0Lqr7WTHlLueJ9JiV6V7VQGd8RFg4z3VZg4/3ilMxp6nzmUcMfKoM1tZZHVjHVW7uu8h++Tx5SSdSmMRQ1Vu5UOuzDq0jTLlzOp4blUvfIFCNDUduw3Cy8bS/TTf13fDn06zj57YRXztmDdVAsNo0fK59n3SzxblloMo3Y9w0jmarknQk6Zqk65K7LlXXJT+Vpr+L37EAQJgCRrr3qxZHa5xUF9Nn2gLVIqhYT6ZqWUN1ms6yKVW9qmLnycLq9B0p3j0OqSKWn0j+uqSJnqim+gM6/prvmT70owd97l75BVuOyPk45c9PY6DSaQJVOaUyj3IpdkAf/h20OwAAgDAFLJx8wmQny7UDtYtTZILvDlTlupLOfHTGQOXqOKVMeZreJAU5S3ftveTfJvn7paPHru774ZVftNgazOIxcmlUby08dYWrrjC12AhHsfrYsfT2f5N2BwAAHIQJhwBnNnvKFO6lsKLYCa/CiPVQfjXWtz6+We2vWnbSx+xDFSqp8nFPljqtaai85O6Xjp+gU784/iGunVosyE9VyBYV9vIJaq6h6nq+KpXBt7RmJAcqz7EGAACEKSAGqWdN9orkjlJRgTSaYXPJjmKVKquKtS09AWjUMqpiDVVvoEqP80Gqq/h9/dul6wSoVqYYkBbnz6Vz57WeeMsqd2UFM78elhfTOEMsZuCucawBAABhCrgZPmfPz19OoeYkBRzFct8uV4hrjHCYGyivvI2Ri3r1Ep/ekKbvIEQNSsc/rzELk55z0lY2vFEOvNzQ1uXiH4xMAQCAw0HPBqf2fP1S7ECbX+7lVE7rKvcIcq7YiLYn1+RS3K4RjsxrfcpfHaek5fLFltdeVZLz+obpez6sa/+GI0iNbQrSBqvOpeOdqpi5ojrfYpqfK/6txsfCarByxWOMIw0AAA4HI1M4nfoTJp3EKXS5L20qRp4GNjttHaHyLZ8PsTKgnyluKJvWTYW0ticv36ksFZrw+m2Td+gj0xvuBzhLm3GNsOPGZtCuc72tkUYAAADCFA4mSD1nsteKPZnU2Dy1DFS5Y57W4ZTrnNoClSs+Zy4WRfAhBigFyY4l3ZUmJoVpqolQxxLeRzek6l3uI5yhcxLWQ+/i5LvGn61pjUMIAAAIU7jqYerVOCpUT6Rqvuxcl/3o1qBUFI/oC1QlX8dA5eZpD6iQypuHVCThRNL90rUvoKd+HnIAznuGLTbk9R1haShQAQAAHA7m4GAzJ580+dRR9mE1SJV/5o54l6E1VC7tA+UkuVmqBuekuk5ltxU77P6GdEyQOrMcaJtT+4b+vbJWqu3j5fqpwHEGAAAHhZEpjFe/EMug1y7uKeUaIxTlwETKOougVE77y1P+xmR9my8rwQUv+Ul8YncsXftCQtRWA1Xf3mADlfs23YcKAACAMIWrFaZejqNR7ij1m+fF/lGNP5uzvZrT+fKUP6f+faicj+GtcvH7SZK/Xzr6fILUuckhuWXfqBy6VJzntTQ9ogAJAADAAWCaH8aZf9pUpUp6bq64h1RXR3xDrtgXqjliZalqXy7ZXT1IkDoP5ebHfVX81jZJ7jrfRvMCAAAIU0D0lmJp8pAKQoTVTrd1XFLlkprWqX3T9GWpU+6tCGqh+Hov+bdL0/cRpM6rKbC8J5Rv7C2VQpS1zAEcsw+VK/7tOH0AAIAwhatk/hsWS5PPYoe7qiU7iqNFJWuEKLX8exGo8qVXL7/Wpyp9LoU2+VS171iqHpGm76Unfl46Q04oQpNbhi0AAADQK8IINo9pyNLlYiGWLG/rgJtW11G1FXtrBirnFDfinae/B8mmcS2Vr+KI1OQmQepCA5VfD1SDTUcQ66QAAABhCsjmnzD5enm5OKVQFeKffijjFJ3r1rLpaXNeb6m4RUpffp7Koz8kHT1GkLqs5mERsFpCUt5YOT+u77EAAACEKVwl7w8vmUIaNbIQQ44rhp5y59m79VGq5hqqrn2oymp/ZsW/K8nfJ03eSZC6LK65zil0P6br3wAAAIQpXEVP2Uup0l5ZaMLiVeOayUg9gUrrgarZ5w4Wp/TlIgj+ujR9gp75rjQRg6NOzaaEKX8AAIAwhassz+6zWvI+BimX9hIKfjUwtQWk/PlmYYqVUao6jkI5JwUn+Znkj6jad+FCccJHBqq1Uai0N9VKsYq2NA0AAECYwkH3rZ82VfNUqvwoFofwFgNPmEpuokUJ8zIsbbKGSpJUSVWII2DOYtn16rfQ694Vi3LoI0eo2sqnAwAAEKZwtcyW1fvcTHJVDFKS4ghG3sBX6wMOvqPK30qnvPhcrTg6ZU7fMHnswxz7S7AYTapXg1Jbhb/FY201RHXuQ+XUPZoFAACwx10oDgHW1M+a7M24MW/uRJvWO8t5yl+btse3XXFOcRphqKTqfmnCXlKX4rVfNDkrclTXfZbGiJSZusukF+c4pGthcp/0wJOcYwAAcBAYmUJLEHqz+Lsv1kW59Y60deQpp4ERqvzvIIUQH0+QuuSmoGqEobEFJMbuQwUAAECYwqFzfrmR7piAJHUOUHVu7FsGMj/Vn5u86/dx4Hfl/LtTPLZjHyqaGAAAcMjdJg4BVtRPm9wsBR5br8SXw5AVe02V0/lcR3BaeUwxPdA5SdelCWXQL9Vr/5/FKZchBaDQUUyirQS61gtV5I85l6b5pUqBTPMDAAAHhNvGaJhJdVjdQLcMRuWUv3JT1/z3tr2lnNr3oDLFtTQEqf1vQoaq/LmK4hMAAIAwhQMWXrJlOAr9nV+nokBFS+hqe3yeIrgYsXCSf4DjvqtNw+jwM3YfKpocAABAmMLBejOWu/a2DD3dyaslMJ1i5GHyboYr9rl52GgfKpobAABAmMLBeisWDXBVe6GJtT2HfBrBCi3hK8/v87H0ubPYwfaVpEn8GkaldkvrFM2q2FfKLc9j5zWh9X2oFmvs2NAXAAAQpnCwnWkfO8DBFDfkbSmFPvYyWjw2SG6SKrtJ0lzyqRhB9S5GpQ6+mUgl1lkvBQAA6CXhYM0/a/JuWY0vb7LqXfyvq4DEqH2oUkBzqdS61ZJ7O8d8l7Sd35VQ7BuP3WQfqhyqGZkCAACEKRyi6m4MPKZloNp0NKFrHyonqfJSnZ+7YlRqH1hbc9GYyjcmpDEqBQAACFM4aGEerwZzabpfy/5RzU5xVye5/HguZlG7tH2Rl9yU472L2oLP4GhSaPznG/81rglGpwAAAGEKB9iTTn1htywokffWzf+5Roe7uYaqbR+qOhWp8D5N+6ukisITe5a0aTYAAAAIU2jvKz9n65vulvP9VjOXxszayvtQeSdZkFwqOuGD5N7BvK9dZLbcA2xtndwpA5Wlio7y464bAAAAwhT2ipvH9ONcCj1By2GpUye09Nwm2SRO7/NBsiOO9/6m7mXgovkAAADQhEMA2d0UenLnuJJUF//W+tS+tql+K+usiq/1uQPuJH+N472zodoVVfy03Gdq5bw3v6bS6qhVPtfNTXwVp3gSwAAAwAGhZ4PVHnLIa5sa07JWRiS6QlnL58sNW81J1U0me9GMAAAA0AvCAV4Ki6prbtwal6F9qHIhChc4xHuRqzfMulvbhwoAAIAwhX1jL9pKB9rZcq+obVSxNlOcNijJ3cfx3rvro5jWORi02vahKkMV4QoAABCmcFi95TSFT8VI1MgwtRLC1LMPlU/TBo853PtmaG+x0ftGEaQAAABhCgdntgxRlv+XOr7ehkckhvah8qkqoHP68276NRzvQ8Q+VAAAgDCFK+lexyXRuDTaAlVbwYnmPlRmcZ8pSd/jHv5RjvcBWKyDO8U+VKydAwAAhCkcjpbNec1tXoig7+nz/kQ4gMul7zyyDxUAALha2GeKLKWVxVGLfYbq2Bku945a2UeqoXcfKq9xpQFxaZxbDdf5PDaz9tqaqTH7UJVhi0MNAAAOB7eOMRC2rKPT3fK4rml/3kmi+MSepKrVqZpbz8A0OQAAgDCFK93f3qSHnUpjV1OOGwAAAAhTwOhAlR8XCFN7d379iHO80T5UAAAAhClgXKBybnmJ0c/ebdbx902vgbVroty0l+YGAAAQpoDVzvPQPlTOEab2NWAx4gQAAECYwjmFpfJxa51xW15ibC+0f0Fq6PwOXTOEMAAAQJgCNghQrR3zlr2scHiBa3GuAQAACFO4cuGoJSx1lTzPHecyULWFK2erf2I3VSGev+AlC5Lq9N/A9TI0gmVprzJv8cHGECUAACBM4ZAC1Mp+rcUUrTGjDEP7UOXAxYjFbjNLe4L5GHxdJVnVf27bAvhaSEvnPvh4gfkjjjUAACBM4ZDSVBmo0gjCmZ6y6GH7Mqlhd8NUtQxUqra33qkM0c4TqgEAAGEKByRYzDnlqNQ2+ru5M27pe/g5x3rXQ3U+Zz5NxXN1f1De9HnlJF9xqAEAAGEKh3IFlJ3dIkUtRinOGKjM0uhUzbHeUd82e/nz4zmvGyNJrvu8jt60WVqUcnSSPJs3AwAAwhQOhhXBpxGitjVCZSbZPQ71jvouzX9jGaDD8ry7Eed2KFjVttxnzBSn+gEAABCmcBhZykkhLDvHGtmRbnaohx7Dmqkddmd1hDIXJdnklPVu3JyezEyP0eQAAADCFA4nTB2l0YLUc7ZNktSYoCVJlRRYK7OzZndS4NFyc2XTejW/ja8tLav5ySRX68Xjd7LhGAAAIEzhUK6AXH0ixD99npZX9qz7OswD+1CZJNVSZfqm8Pq3ccB3UKjjqXapRbBpPGey1al85ejTmKKPLl1Ci6+bcKwBAMBB4S7xVWcvmvRavBTM4h5DljvOddx09cxXWS5A8bDk3sE1t2ve+BWLU/vq5YiUqyVV6+F45d8tLUhrsA7Lzz34ZZx/AABwMBiZuvIqLYYlXBpKKEtZbyVI5Y72XQ73jvnWk1e+bFECPU/rczkU1f0haaPLw1N8AgAAHBzuEkOyTxULpnLHeksd31zNbxHUvpBrbpfcfcYUbi/PuatjqAoW95uyauToU9/nQ3zuyXXpvi/i/AMAgIPBrWKkqV1By2l97hSbs/Z0rF1+fi633Tv3b8TT4pT+N1mG4DFBuevji8qAbjki5a9zvAEAAGEKh2Ye10otLgnbzqa9iw63LSsG2m1qpO+ScHdRe6S1ooTbMEg1H5OLkDinI3fE8QYAAIQpHBg3XV4OztJ0r7C9raFy2W2TpNc53rti9jmL66RyM1A3puhVpw9SK2Eslsg/OX6cKX4AAIAwhQNjb4sd3lzGfJuXxWK9VJ1GKgLHe1fMX0nT8EIMTot9wVxcL7V2LnWKgJ1Hp2qONwAAIEzhEK+Cd7jFpkB5VEpBctvaaDc9n3Lp9ReZ6rcT3kinvdKycl9Ia9xamgZXp5LpRTAasw+VC7H4BAAAAGEKB8m0OjKh6XZGE/LzmZNUpWlkr3G8L9vJ86YwKc5R87y1fbAM1y3XRjlFcPHlc8lNJN3PMQcAAIQpHCg31cpwguXpX9tIUyEWoMhFLQJLZy5deKUlKFUjA1W1Hqg696FyUgjS9fdy0gEAAGEKh+qapKkW1fycqbMAwUZqLUamXKrs5iWFzzDV75L8Z/NXnlAIkreOsFQv/3Ohv+CEFcHLdZTUrzjVAADgMHG3GEvh0yZ3sgw+qs5eMCIXNzCX1ts4SXPJJpL/Aq6/y3Dv06bwagpDvicEN0OWGiNQdf+mvs7FzX+r+6T7ONcAAODwMDKFIvjMtBxq8IpFI7YR0vxyzyG5omP+HEMWlxKaizVr7iwbNFfD+1B5J01YLwUAAAhTOHR2FC8JpxSq3BavsrrotOf1WOw5deHufdzkqpiTnddyOp9bD0rWXB9Vj9+sd3FNzaWjdzIqBQAACFM49KvhCbec9mXtRQVOFdJmy3BmZc1sL9lnGZ260MB8LxaE8IqFQPrCkcunaqCKn5aXzNo+VP4+jjkAACBM4aqYp45xtZ1qfuZTaHLLjra5+HGTpDsc8oty8nGL5yNVWPRlYK7bp/y5loDU3E/K1XFtlHeSTuJ1k79m+gDHHQAAEKZwRbj7Y0fb1T3FCbbITLLfZHTqnH1g/jnTfJbOca24j1gZnKr2sJQDlToClU8h2aUqgH4i1W45tXP6Lqb4AQAAwhSuSph6t4sd6wvKN66S7EQKLxGoztEvzW6lESS/DELB1oNUV6Dq3Idqvvy7+Th10KeRKX/EgQcAAIQpXDW2DDrn/q0sjZS8xGE/L3d/w+SDpIlUzbXYR8wH9e4l1rlpb7kPlY/Pq5M4guWq5cbM17+EUSkAAECYwlXLUm+LnWa7gMEiV8fL0AXJ2Mh32/7I/KW/I7sX9wvzdfzTJssgeypFAAsurr3ylirpBylUkp9z8AEAwMHjzjHahU9aDDjnnLddrnBgqejFA5J7B9flttz5FZN3KeCcSDZNI0dzSUfqrc6nWu2b9ar4uqmk2fJxLkh1JU3fLh2/h/MIAAAOGiNT6Ag5x7qQdVNB8fuEieTmYrrfFt37VNpTysdj66YxBNUWC0X0Vmusiz/79qEqnsNS6PL3CFIAAIAwhascpt7rVqu9neMVaKlogSRpItknme535iD1jMlOUhBK4ae2GH68l6xW96hU8fGhfaiUqz7WMU2Zl/wjHH8AAECYwlUPVEdp76GQ/lTj31sIW2bpeXIhgxB76fY0geq06udM9nI6ls2S5z6Gnlydr/U8VqvnJwesrse6eTx3+dq49nmMSgEAAMIUrnqYSp1iU9qTyKV9oXyc4rW1AhW1YonttHZKIX6MghQb+zP1y39I85djuGk9eh3V+waDcc8+VLmAiKslfz8nAQAAXJ3uMocAvewpk+bL9TEuhSrNt1OcYlGAIkhhGkt2u/T9nJN0TXJs/DravY9YPHbpmA6eo3o1LLUWmugIYJZKrAcXg5SbSNef5FwBAIArg5EpDISd98e1U85ihrKgxVS8bU3zk4sddlcvp6K5PFp1RwrPM0I1xsknY5DysxSk0qF1Q0GqGW5LA/tQBRf3mnJO0nXOAQAAIEwBq53mo/IfKVD57Uzzc07LinFzSbO4D5JNlt/LvR7XAaHVX61ffZdmv2oKM8UiEEfx/Hhppdremqo9WG0Skr2L5y1MpOufz6gUAAAgTAGrgecJF4NTyjOu0mJfqG1cgmbpUpymj81T2e4qjYaZ5F+X7FkCVcMfnN3+4f9m/uyzqvNUOy03zzW/fIu7vkCV/9s0UOUQ7KXpA5wMAABw9brJHAKMYp816c10yaSKcFsZmcpltav03LWWiSCtpzJflOG+Lvn3ct1KUnjBVN+Waif5FIbMS3aSyp+bWu+XWF84KkOWes5xeqyzOIrIWikAAHAFMTKFkaHnXW5lBCP4gU1fR6e04r956ujnohQuVhFcrNWqJHdPCuxDpdlnTLNby9LyFpYbIPtpqr7YfHuHLX3zInTZkVTd4P0BAAAIU0B/7nlY0kkMOb4YmXAh/WfLggd5z6HB58yl1k2LTYItLD+2uEydZLP05FPJft0Ubl/NUDX7mKm+E9crSalYRzrmZlLoOSy5xH3rOFLV+FNxKmfeUNmaRUeqOOXz6HFGpQAAAGEK6L9aHnbS9TR6NE+Xj1+uzQnSIk2ZqbcS3FhuLlkOC2lUzAXFTWJvXa11VPUt071PWBx9mi3DZ2do6nm721Cgyl+SA3EtVZZmYXrFk+2la19EkAIAAIQpYFy4ecItSpkvPpb+5yepoz4v9o86I5sUnf78lzRCZdck3ZXsafsae/U3Dvq433vKFG5J7iSFVh/3dcqB1uXiIK4/UDlbPtZG5CCnONK1KIOe9pXSsVRRdAIAAFzxrjGHAJsHnFsmvZICTV0EJ59CVh7NsLPnKVctv0fe70ph+f1M8d9uqjhadWDFKernTPZK/NnTYFCs1JeLdJT3Q/J0vGq1cIRrOQk5SC2CVes3T9P8lEYHK8nN0kjkNenaF9J+AACAK42RKZwi4Nxw0nEqflAVocliB1xeCkFbGZnSrHjesFzzo8kyPDgvhTo+1j5lsv3f5Per65drzT5pql/VouBDzqkhbZIbBjbUzaNUnSNUtQb3oXJ1WoOVy9SnaZ0EKQAAUdzcvwAAC0pJREFUAMIUThuo3utiWexUEGKxX1SI//ktTfPLYUluWeTCisvXpRLqPiiu46ole0Oyj+1lqPr6+pWf1skn7KfnL3q5WfpoDo7z+HM6HwOVr+PxX4SlxpS/UW//oX2oJE1SoAopTFXv4PoHAAAQ0/xwVvZrJh2lTnmutudSZfO8cexZrlC3qJIuSQrztKdSeenWMdBZnYJEsXeVmeTeJrmbu32tz18w2WtalIV3IR5PS5sZWyod7+o4Gli3HNeVEFWMOJXT/sYELWv83c+kMI1T/NyD0vH7aTcAAADEyBTO7DFJJ8vqfZaSj3Pby+oujXbJYpGLPKVwMRKWg1QZICYxUDlLI1WfNNlTJtudcur/ebh9n+rPmGYfMdnrsXKhTuKfwSQdFyE1rwubLsuV+5H7RrlyX6i+c9LyfM5LNo3P4Y8IUgAAAGVXiUOAM7PPmvRWqodQjEblfY8u/fWFdNtgml7bTHLHkj0g+Ycu9D3wJ+yVv/AP7a3/QeE1rRbraOYa63+3Nj+d/70YeWo8r6X1VWsjVLmIRS51P03hLX1Dc8vaIsdfQnsBAABAmML2A8tnbLFmSU4r0+wu9QrPVe/y68hT/1ICsSoFi+uSrknuka2+J/6T8PKf+T537+9ofjeO7pilvbOC5H33SJGp/didNlA1w9TicVNJ92JYCulxuTBFmCxLo9/3JG0FAAAAYQrnpn7K4shUvdxgN88kvaxMVY6OuRzyUqiSLzYETmuVFqXWnWTHiuXWK0lT/XuavPQFpr90v9NHJOkt1b/1E9L3PGv2yK+rTpXv5oojO/P09gqrwcb88mA4txyB6nonBhv3zrXGMe4rh14GKkt7SDmfAt4s7iPlq/jvYNL0ndLkBm0FAAAAYQrnKnzS4pqemVaW5F1amAoxOJlbjkYtApXTooy7z2u8in2XrAiD3ooQ4otRoBwWw3LEayUkpZCyWM/l0ya46bUFP/xu7J3yF1ZfT2+gatmHyqfX4FLRDgtSlV6/TaXq7dL0Ju0EAAAAYQoXwj5lMUCkYhSXOdMvh6lF0girgWgRsHKIKkqFh3JkKT2Xc6tT85wtw9hial4q5W62PAZ55Ku2IrNNllP/ht6RbdP+2kanegNVEabUCGOax9ejWQqfkqoHpel7aCMAAAAIU7jYQPUJu/QgJS1DzMo0Oy2n/y3+LIKIK+fM+dWRoea0wZDXPqWRq5VQtXyKRbhaKwxRjt71TPmzxmOGAlVvqFIRCFPhiUV4TE86eZs0IUgBAAAQpnBJgepjtjoKotXQclFXuOVQpfX1U5Y2xF1ZT5VCzuIxPS/WVavrnqz8vmkNllXLAg9VXQS7jjDVPE7lu3STNVS9gSosg15tkh0pFqKYSP5+afIEbQMAAABhCpcqfNJar7YLC1OuMeKTQ1Oe5jfXYk2VfJoWWI5WFV/ftiZq5XkbgWhRgKNR+MJCmfIaIcjaQ+dQoNp4DVVzyt88BkN/nzR5H+0CAAAAYQo7wT5py+ltuUR3nYozqFFJT0XRiB3Yo6q5V1bXa3Ku/fNmPcGuDDW+/etPVZSiDGGpqmIowpSl/a28SZbWSplJ/gFp+l7aBAAAAMIUdkp4xuTuarG3k5T2M8qXYRGoFlPuQpqGt2vh0M7+2K6RpLUA1vW8GrkP1SwGKrMYUF1IG/G6VPzCSZWX3INS9S7aAwAAAMIUdjNQfcbk7sTLzqZpil2uJpf2XzKLI1bBxbLduzA6dZZA5QbCz9jnPvU+VPVy/VeeXehMCjnQzqWjL6EdAAAAIExh59kzJrsbQ1QeMXEu7XVUr1bSM7fbl+iYcLRJmGquk9rGlD+rFadWpul+i2VaJ5KuSUdfRBsAAABAmML+BKrnTHojdfBzuXBbraAnaWfWTZ02ULmyvF9LoGqux+qqdHimfajSVEmfNuSVUnXBY2nyft7/AAAAhCnsZ6j6uElTKczTXkxFoAo+zfyr9+RnsfYw1QxCNiKEDX2PTfah0lRy99LffVqDdk06Yg8pAAAAwhT2PFA9ZdJ8GZ4W5cSVRlL8Jb9D3PjwM3Yan1TsTeV61kiFs+9D5V0RSL00/a285wEAALbEcwhwuWHl/U72YCzTHUIaYUkjKLve7XfuHJ8njP9+1ghPzYBnR3FaH0EKAABgu91BDgF2hn0q1Ua31ZDg0ghVrkDnZ+lzk/XQsdhANz2PnfMlft77UDnFEbpFoQ6nRTEJl0aunE/HIe3dVWv5OfPS5GGpegfvdQAAAMIUDlp4waQ3Y1U/c6l8erpUza2Gkhyy5LTcr6mYPlduBHyhoXDL+1Dl0TqnOGVvMbUvDyx7KdSS95I7iSEzSHJH0uTzeY8DAAAQpnCl2G+adDdOUVNIJdPrZahaBKY8MlUUr7CB9Ui7FKiGSqevvEN9WkeW1kCZK0rJ5zLz0xgyqy/kvQ0AAECYwtUOVU+bdFKUTS9HoHyazqZGGfJLHJXaNFANhqm015alPbhcSNMdU1DMM/yci/t02SPS5HHe1wAAAIQpIIeNT6WkUacRmUrSTGt7UbniL7uwR9VZ96FSURo+V/ZbrCHzkp+noPk2qXoX72cAAADCFNAVTp62GKbuablmKI/ehCKAuPMvPnHWUDVmHypXDl2laX5unh7rJT0kVTd5HwMAABCmgLHhJO1PFee4KVa4S1P7XA4eFzAydRH7UOV1UVZ+zwclT4gCAAAgTAGnFT5nci+lMFWURJe7mDVTfWFqbNn03jAVlkFRlVT9Ft6zAAAAhClgi+xlk15JhRqq+GcOI4u1Rvlyz+uQquX+TSsfz8/pi2p5qQT72vqslrVZTlobMVMd94jKASvnvpV1UdP0uuexzHmo0vM8IFXv5L0KAABAmALOWf2cxY19T4oQVadgk9dZheXHzNLGt6la4CLshPjxcnpd/twiLNlq+CrfVWXGcuVGwqHYB2tavBZJNpG8k+rr0oQABQAAQJgCLou9YtLrku5ImmhZZjxf/mW1vDII+eIxaikIUTceV76lgtbLtPtUgVBSmBfhLAerqWTXpYqy5gAAAIQpYBeFz5lcLemNlpGjFJpcGnVajEJVzYS2nKK3NsWvsWnwospgLorhJM3j5rr126TJO3gPAgAAEKaAPWW3i8qAs/RfSJ8sqgKu7AtcjkD1hC15ya5J7khyj/J+AwAAIEwBV8/DdtteXnnbeD0s6WX3EO8jAAAAAAAAAAAAAAAAAAAAAAAAAAAAAAAAAAAAAAAAAAAAAAAAAAAAAAAAAAAAAAAAAAAAAAAAAAAAAAAAAAAAAAAAAAAAAAAAAAAAAAAAAAAAAAAAAAAAAAAAAAAAAAAAAAAAAAAAAAAAAAAAAAAAAAAAAAAAAAAAAAAAAAAAAAAAAAAAAAAAAAAAAAAAAAAAAAAAAAAAAAAAAAAAAAAAAAAAAAAAAAAAAAAAAAAAAAAAAAAAAAAAAAAAAAAAAAAAAAAAAAAAAAAAAAAAAAAAAAAAAAAAAAAAAAAAAAAAAAAAAAAAAAAAAAAAAAAAAAAAAAAAAAAAAAAAAAAAAAAAAAAAAAAAAAAAAAAAAAAAAAAAAAAAAAAAAAAAAAAAAAAAAAAAAAAAAAAAAAAAAAAAAAAAAAAAAAAAAAAAAAAAAAAAAAAAAAAAAAAAAAAAAADw/7cHBwIAAAAAgvytFxihAgAAAAAAAAAAAAAAAAAAAAAAAAAAAAAAAAAAAAAAAAAAAAAAAAAAAAAAAAAAAAAAAAAAAAAAAAAAAAAAAAAAAAAAAAAAAAAAAAAAAAAAAAAAAAAAAAAAAAAAAAAAAAAAAAAAAAAAAAAAAAAAAAAAAAAAAAAAAAAAAAAAAAAAAAAAAAAAAAAAAAAAAAAAAAAAAAAAAFgB0zSa1n1Ul/oAAAAASUVORK5CYII=', '#00f586', 548.22, 1773264415476, false);

-- SALDOS INICIALS DE COMPTES
INSERT INTO transactions (id, user_id, concepte, data, import_trs, notes, compte_id, compte_desti_id, categoria_id, esdeveniment_id, event_tag_id, tipus, recurrent, liquidacio_persona_id, pagat_per_id, data_modificacio, eliminat) VALUES ('03d7fc0b-6c09-4f2d-bbb3-2317502d7597', 'usr_701e78a629ca02a4', 'Saldo inicial', 946684800000, 8500, NULL, '0e75ae44-3e6e-4c74-af37-4f1b4d0f48d4', NULL, NULL, NULL, NULL, 'ingres', false, NULL, NULL, 1773264415476, false);
INSERT INTO transactions (id, user_id, concepte, data, import_trs, notes, compte_id, compte_desti_id, categoria_id, esdeveniment_id, event_tag_id, tipus, recurrent, liquidacio_persona_id, pagat_per_id, data_modificacio, eliminat) VALUES ('00542c20-b2c3-436a-b2ac-de0996c0ecf2', 'usr_701e78a629ca02a4', 'Saldo inicial', 946684800000, 70, NULL, 'f1f77c6b-170a-4ebc-96ad-6291b1f5d829', NULL, NULL, NULL, NULL, 'ingres', false, NULL, NULL, 1773264415476, false);
INSERT INTO transactions (id, user_id, concepte, data, import_trs, notes, compte_id, compte_desti_id, categoria_id, esdeveniment_id, event_tag_id, tipus, recurrent, liquidacio_persona_id, pagat_per_id, data_modificacio, eliminat) VALUES ('0a8c78f8-4183-4e52-beb9-6bf0c4893b64', 'usr_701e78a629ca02a4', 'Saldo inicial', 946684800000, 620.59, NULL, 'c39414c6-56b5-419b-85dd-bf96b5c72a7a', NULL, NULL, NULL, NULL, 'ingres', false, NULL, NULL, 1773264415476, false);

-- CATEGORIES
INSERT INTO categories (id, user_id, nom, tipus, pressupost_mensual, color, icona, data_modificacio, eliminat) VALUES ('7d8e13ae-894f-44eb-b71d-292b89fb56b8', 'usr_701e78a629ca02a4', 'Nòmina', 'ingres', NULL, '#22c55e', 'briefcase', 1773264415476, false);
INSERT INTO categories (id, user_id, nom, tipus, pressupost_mensual, color, icona, data_modificacio, eliminat) VALUES ('f9fa6a71-3802-454c-b1fb-0ef400396341', 'usr_701e78a629ca02a4', 'Regals Iaia', 'ingres', NULL, '#8b5cf6', 'gift', 1773264415476, false);
INSERT INTO categories (id, user_id, nom, tipus, pressupost_mensual, color, icona, data_modificacio, eliminat) VALUES ('825de6cd-21e3-441a-b8f2-81e6296185ba', 'usr_701e78a629ca02a4', 'Ingres Mama', 'ingres', NULL, '#0d5e43', 'tag', 1773264415476, false);
INSERT INTO categories (id, user_id, nom, tipus, pressupost_mensual, color, icona, data_modificacio, eliminat) VALUES ('50efd5be-3b8e-4d0b-a2eb-8880918f1478', 'usr_701e78a629ca02a4', 'Supermercat', 'despesa', NULL, '#f59e0b', 'shopping-cart', 1773264415476, false);
INSERT INTO categories (id, user_id, nom, tipus, pressupost_mensual, color, icona, data_modificacio, eliminat) VALUES ('08aaceae-60b7-49d4-b789-2509737caf91', 'usr_701e78a629ca02a4', 'Restaurants/domicili', 'despesa', NULL, '#d97706', 'utensils', 1773264415476, false);
INSERT INTO categories (id, user_id, nom, tipus, pressupost_mensual, color, icona, data_modificacio, eliminat) VALUES ('d8466a45-f26e-4485-aa85-d12ddad916de', 'usr_701e78a629ca02a4', 'Transport', 'despesa', NULL, '#3b82f6', 'bus', 1773264415476, false);
INSERT INTO categories (id, user_id, nom, tipus, pressupost_mensual, color, icona, data_modificacio, eliminat) VALUES ('903337fe-5ce5-49fc-99be-995a49f8f138', 'usr_701e78a629ca02a4', 'Cotxe', 'despesa', NULL, '#2563eb', 'car', 1773264415476, false);
INSERT INTO categories (id, user_id, nom, tipus, pressupost_mensual, color, icona, data_modificacio, eliminat) VALUES ('e28c423a-28e3-47dc-ab69-fe76afade54a', 'usr_701e78a629ca02a4', 'Entrades', 'despesa', NULL, '#d68f8f', 'ticket', 1773264415476, false);
INSERT INTO categories (id, user_id, nom, tipus, pressupost_mensual, color, icona, data_modificacio, eliminat) VALUES ('d7874cad-6cba-400d-96fa-c03e572e4b72', 'usr_701e78a629ca02a4', 'Perruqueria', 'despesa', NULL, '#936496', 'scissors', 1773264415476, false);
INSERT INTO categories (id, user_id, nom, tipus, pressupost_mensual, color, icona, data_modificacio, eliminat) VALUES ('041dfaad-2c4f-4b50-b4bb-bc0b143b4777', 'usr_701e78a629ca02a4', 'Salut', 'despesa', NULL, '#14b8a6', 'heart', 1773264415476, false);
INSERT INTO categories (id, user_id, nom, tipus, pressupost_mensual, color, icona, data_modificacio, eliminat) VALUES ('b1d8a815-b31e-4082-a4ed-a82532b31e0e', 'usr_701e78a629ca02a4', 'Jocs', 'despesa', NULL, '#0d9488', 'gamepad', 1773264415476, false);
INSERT INTO categories (id, user_id, nom, tipus, pressupost_mensual, color, icona, data_modificacio, eliminat) VALUES ('04676608-a189-4bed-a46d-2dfa445f3288', 'usr_701e78a629ca02a4', 'Sortir', 'despesa', NULL, '#d60088', 'beer', 1773264415476, false);
INSERT INTO categories (id, user_id, nom, tipus, pressupost_mensual, color, icona, data_modificacio, eliminat) VALUES ('cbcbf53b-8b2d-447f-9251-fb9443c0eff0', 'usr_701e78a629ca02a4', 'Compres', 'despesa', NULL, '#6366f1', 'shopping-bag', 1773264415476, false);
INSERT INTO categories (id, user_id, nom, tipus, pressupost_mensual, color, icona, data_modificacio, eliminat) VALUES ('b234f87b-ae33-4472-a181-f0bbf251d88a', 'usr_701e78a629ca02a4', 'Altres despeses', 'despesa', NULL, '#545454', 'tag', 1773264415476, false);
INSERT INTO categories (id, user_id, nom, tipus, pressupost_mensual, color, icona, data_modificacio, eliminat) VALUES ('8e293fa6-2b2d-4b10-b541-3e2a4b213d39', 'usr_701e78a629ca02a4', 'Educació', 'despesa', NULL, '#eab308', 'graduation-cap', 1773264415476, false);
INSERT INTO categories (id, user_id, nom, tipus, pressupost_mensual, color, icona, data_modificacio, eliminat) VALUES ('2fac7a9e-1dd6-4431-8fa8-98505250b380', 'usr_701e78a629ca02a4', 'Oci', 'despesa', NULL, '#526e6f', 'wine', 1773264415476, false);
INSERT INTO categories (id, user_id, nom, tipus, pressupost_mensual, color, icona, data_modificacio, eliminat) VALUES ('00ee3f87-b8e3-42d8-a22e-f772701af4aa', 'usr_701e78a629ca02a4', 'Menjar Domicili', 'despesa', NULL, '#300061', 'bike', 1773264415476, false);
INSERT INTO categories (id, user_id, nom, tipus, pressupost_mensual, color, icona, data_modificacio, eliminat) VALUES ('15b7d14f-f6ef-4d56-8de8-91eeabdd219d', 'usr_701e78a629ca02a4', 'Regals', 'ingres', NULL, '#783885', 'cake', 1773264415476, false);
INSERT INTO categories (id, user_id, nom, tipus, pressupost_mensual, color, icona, data_modificacio, eliminat) VALUES ('2529f148-7901-4145-a8b2-77a1618ef34f', 'usr_701e78a629ca02a4', 'Altres Ingressos', 'ingres', NULL, '#6b7280', 'tag', 1773264415476, false);
INSERT INTO categories (id, user_id, nom, tipus, pressupost_mensual, color, icona, data_modificacio, eliminat) VALUES ('858f8086-0d7a-455a-b9de-794472e3c8a9', 'usr_701e78a629ca02a4', 'Subscripcions', 'despesa', NULL, '#3a1d1d', 'dollar-sign', 1773264415476, false);
INSERT INTO categories (id, user_id, nom, tipus, pressupost_mensual, color, icona, data_modificacio, eliminat) VALUES ('3a148cd7-1843-473a-bc89-fe0fe11685e7', 'usr_701e78a629ca02a4', 'Oficina', 'despesa', NULL, '#43440d', 'briefcase', 1773264415476, false);
INSERT INTO categories (id, user_id, nom, tipus, pressupost_mensual, color, icona, data_modificacio, eliminat) VALUES ('aeba5d8e-01d0-4f0c-9b2d-07634473ceda', 'usr_701e78a629ca02a4', 'Ingrés Viatge', 'ingres', NULL, '#5276bc', 'plane', 1773264415476, false);
INSERT INTO categories (id, user_id, nom, tipus, pressupost_mensual, color, icona, data_modificacio, eliminat) VALUES ('4b0b9500-054b-4695-8e46-862755ab298c', 'usr_701e78a629ca02a4', 'Retorn deute', 'ingres', NULL, '#19001f', 'users', 1773264415476, false);
INSERT INTO categories (id, user_id, nom, tipus, pressupost_mensual, color, icona, data_modificacio, eliminat) VALUES ('743a10cf-04cf-44f2-8092-c7ce7c2de37e', 'usr_701e78a629ca02a4', 'Vols', 'despesa', NULL, '#0d172b', 'plane', 1773264415476, false);
INSERT INTO categories (id, user_id, nom, tipus, pressupost_mensual, color, icona, data_modificacio, eliminat) VALUES ('f4800fe8-3ce4-4719-9c65-4875b2ed5084', 'usr_701e78a629ca02a4', 'Viatge', 'despesa', NULL, '#65a800', 'sun', 1773264415476, false);
INSERT INTO categories (id, user_id, nom, tipus, pressupost_mensual, color, icona, data_modificacio, eliminat) VALUES ('b326402e-6f2d-46e7-a1ab-7f18bc8d4694', 'usr_701e78a629ca02a4', 'Projectes', 'despesa', NULL, '#4b2f56', 'trending-up', 1773264415476, false);
INSERT INTO categories (id, user_id, nom, tipus, pressupost_mensual, color, icona, data_modificacio, eliminat) VALUES ('6f34b5a6-687e-4559-b655-181156bd3fca', 'usr_701e78a629ca02a4', 'Bar', 'despesa', NULL, '#732b2b', 'coffee', 1773264415476, false);
INSERT INTO categories (id, user_id, nom, tipus, pressupost_mensual, color, icona, data_modificacio, eliminat) VALUES ('63eac700-2eb7-49d2-9f73-d76f48588c95', 'usr_701e78a629ca02a4', 'Menjar', 'despesa', NULL, '#ff6a00', 'pizza', 1773264415476, false);
INSERT INTO categories (id, user_id, nom, tipus, pressupost_mensual, color, icona, data_modificacio, eliminat) VALUES ('d0dc32b1-e1eb-407e-84d3-1c4489420cef', 'usr_701e78a629ca02a4', 'Esport', 'despesa', NULL, '#982abc', 'zap', 1773264415476, false);

-- PERSONES
INSERT INTO people (id, user_id, nom, saldo_caixejat, amagat, data_modificacio, eliminat) VALUES ('1c3eaa95-3295-495c-a1a6-ec847b5ad437', 'usr_701e78a629ca02a4', 'Mama', 0, false, 1773264415476, false);
INSERT INTO people (id, user_id, nom, saldo_caixejat, amagat, data_modificacio, eliminat) VALUES ('fa57183c-1746-41aa-a3eb-12d3c8b75e41', 'usr_701e78a629ca02a4', 'ViatgeCopenhaguen', 0, true, 1773264415476, false);
INSERT INTO people (id, user_id, nom, saldo_caixejat, amagat, data_modificacio, eliminat) VALUES ('90485494-f290-4107-9a51-ec3d018bd142', 'usr_701e78a629ca02a4', 'Cai', 0, false, 1773264415476, false);
INSERT INTO people (id, user_id, nom, saldo_caixejat, amagat, data_modificacio, eliminat) VALUES ('16ce2656-978d-44ab-91a1-327557f9d3d6', 'usr_701e78a629ca02a4', 'Basquet', 0, true, 1773264415476, false);

-- ESDEVENIMENTS
INSERT INTO events (id, user_id, nom, tipus, data_inici, data_fi, data_modificacio, eliminat) VALUES ('83afe2a7-0e91-453e-a02a-1e372cd6ffdd', 'usr_701e78a629ca02a4', 'Copenhaguen 2025', 'viatge', 1765238400000, 1765670400000, 1773264415476, false);

-- TRANSACCIONS I DEUTES
INSERT INTO transactions (id, user_id, concepte, data, import_trs, notes, compte_id, compte_desti_id, categoria_id, esdeveniment_id, event_tag_id, tipus, recurrent, liquidacio_persona_id, pagat_per_id, data_modificacio, eliminat) VALUES ('b601bfec-df66-4c92-8fa6-6d0be5365d0e', 'usr_701e78a629ca02a4', 'BIZUM REBUT', 1767139200000, 175, 'Importat', 'c39414c6-56b5-419b-85dd-bf96b5c72a7a', NULL, 'aeba5d8e-01d0-4f0c-9b2d-07634473ceda', NULL, NULL, 'ingres', false, NULL, NULL, 1773264415476, false);
INSERT INTO transactions (id, user_id, concepte, data, import_trs, notes, compte_id, compte_desti_id, categoria_id, esdeveniment_id, event_tag_id, tipus, recurrent, liquidacio_persona_id, pagat_per_id, data_modificacio, eliminat) VALUES ('819a0dfd-6e11-40ee-bd2e-5fdcd532318d', 'usr_701e78a629ca02a4', 'MARIA ISABEL TUR', 1767052800000, 135, 'Importat', 'c39414c6-56b5-419b-85dd-bf96b5c72a7a', NULL, '825de6cd-21e3-441a-b8f2-81e6296185ba', NULL, NULL, 'ingres', false, NULL, NULL, 1773264415476, false);
INSERT INTO transactions (id, user_id, concepte, data, import_trs, notes, compte_id, compte_desti_id, categoria_id, esdeveniment_id, event_tag_id, tipus, recurrent, liquidacio_persona_id, pagat_per_id, data_modificacio, eliminat) VALUES ('053869f1-f2fa-48ca-938a-827a0cd64559', 'usr_701e78a629ca02a4', 'TRANSFERENCIA enviada a Estalvis - Imagin', 1767052800000, 500, 'Transferència enviada', 'c39414c6-56b5-419b-85dd-bf96b5c72a7a', '0e75ae44-3e6e-4c74-af37-4f1b4d0f48d4', NULL, NULL, NULL, 'transferencia', false, NULL, NULL, 1773264415476, false);
INSERT INTO transactions (id, user_id, concepte, data, import_trs, notes, compte_id, compte_desti_id, categoria_id, esdeveniment_id, event_tag_id, tipus, recurrent, liquidacio_persona_id, pagat_per_id, data_modificacio, eliminat) VALUES ('8f6d27e6-4b33-4662-8e57-9863f22de1e7', 'usr_701e78a629ca02a4', 'Instant Gaming', 1766966400000, 9.02, ' Prehistoric Kingdom', 'c39414c6-56b5-419b-85dd-bf96b5c72a7a', NULL, 'b1d8a815-b31e-4082-a4ed-a82532b31e0e', NULL, NULL, 'despesa', false, NULL, NULL, 1773264415476, false);
INSERT INTO transactions (id, user_id, concepte, data, import_trs, notes, compte_id, compte_desti_id, categoria_id, esdeveniment_id, event_tag_id, tipus, recurrent, liquidacio_persona_id, pagat_per_id, data_modificacio, eliminat) VALUES ('2959e7fc-3459-48f5-affe-1fb56e0ce2ac', 'usr_701e78a629ca02a4', 'IONITY GmbH', 1766880000000, 29.44, 'Importat', 'c39414c6-56b5-419b-85dd-bf96b5c72a7a', NULL, '903337fe-5ce5-49fc-99be-995a49f8f138', NULL, NULL, 'despesa', false, NULL, NULL, 1773264415476, false);
INSERT INTO transaction_splits (id, transaccio_id, persona_id, import_degut, data_modificacio, eliminat) VALUES ('1f071b4f-3906-4930-b126-90e9acd4af8f', '2959e7fc-3459-48f5-affe-1fb56e0ce2ac', '1c3eaa95-3295-495c-a1a6-ec847b5ad437', 29.44, 1773264415476, false);
INSERT INTO transactions (id, user_id, concepte, data, import_trs, notes, compte_id, compte_desti_id, categoria_id, esdeveniment_id, event_tag_id, tipus, recurrent, liquidacio_persona_id, pagat_per_id, data_modificacio, eliminat) VALUES ('83415b68-c05a-413b-9fae-9985e717ebbb', 'usr_701e78a629ca02a4', 'BIZUM ENVIAT ', 1766880000000, 8.6, 'Sopar Sunion', 'c39414c6-56b5-419b-85dd-bf96b5c72a7a', NULL, '04676608-a189-4bed-a46d-2dfa445f3288', NULL, NULL, 'despesa', false, NULL, NULL, 1773264415476, false);
INSERT INTO transactions (id, user_id, concepte, data, import_trs, notes, compte_id, compte_desti_id, categoria_id, esdeveniment_id, event_tag_id, tipus, recurrent, liquidacio_persona_id, pagat_per_id, data_modificacio, eliminat) VALUES ('00b4cc18-8a36-4e20-ab80-9dd3fa0b3399', 'usr_701e78a629ca02a4', 'AUTOSERVEI TUSET', 1766793600000, 13.3, 'Importat', 'c39414c6-56b5-419b-85dd-bf96b5c72a7a', NULL, '50efd5be-3b8e-4d0b-a2eb-8880918f1478', NULL, NULL, 'despesa', false, NULL, NULL, 1773264415476, false);
INSERT INTO transaction_splits (id, transaccio_id, persona_id, import_degut, data_modificacio, eliminat) VALUES ('86cce9d7-ee4c-47fd-b498-f8d6d8f7fe05', '00b4cc18-8a36-4e20-ab80-9dd3fa0b3399', '1c3eaa95-3295-495c-a1a6-ec847b5ad437', 13.3, 1773264415476, false);
INSERT INTO transactions (id, user_id, concepte, data, import_trs, notes, compte_id, compte_desti_id, categoria_id, esdeveniment_id, event_tag_id, tipus, recurrent, liquidacio_persona_id, pagat_per_id, data_modificacio, eliminat) VALUES ('f0251423-9da0-4ea3-8ad5-d5325584cd7f', 'usr_701e78a629ca02a4', 'NOMINA (TRF)', 1766707200000, 681.7, 'Importat', 'c39414c6-56b5-419b-85dd-bf96b5c72a7a', NULL, '7d8e13ae-894f-44eb-b71d-292b89fb56b8', NULL, NULL, 'ingres', false, NULL, NULL, 1773264415476, false);
INSERT INTO transactions (id, user_id, concepte, data, import_trs, notes, compte_id, compte_desti_id, categoria_id, esdeveniment_id, event_tag_id, tipus, recurrent, liquidacio_persona_id, pagat_per_id, data_modificacio, eliminat) VALUES ('73a6eb03-47ca-4474-86e4-2bb9f284e294', 'usr_701e78a629ca02a4', 'BIZUM REBUT', 1766707200000, 34, 'Carlota Viatge Copenhaguen', 'c39414c6-56b5-419b-85dd-bf96b5c72a7a', NULL, '4b0b9500-054b-4695-8e46-862755ab298c', NULL, NULL, 'ingres', false, 'fa57183c-1746-41aa-a3eb-12d3c8b75e41', NULL, 1773264415476, false);
INSERT INTO transactions (id, user_id, concepte, data, import_trs, notes, compte_id, compte_desti_id, categoria_id, esdeveniment_id, event_tag_id, tipus, recurrent, liquidacio_persona_id, pagat_per_id, data_modificacio, eliminat) VALUES ('7a3a0795-13f1-4032-8b6f-07a6b3654d9e', 'usr_701e78a629ca02a4', 'BIZUM REBUT', 1766361600000, 30, 'Importat', 'c39414c6-56b5-419b-85dd-bf96b5c72a7a', NULL, '4b0b9500-054b-4695-8e46-862755ab298c', NULL, NULL, 'ingres', false, '1c3eaa95-3295-495c-a1a6-ec847b5ad437', NULL, 1773264415476, false);
INSERT INTO transactions (id, user_id, concepte, data, import_trs, notes, compte_id, compte_desti_id, categoria_id, esdeveniment_id, event_tag_id, tipus, recurrent, liquidacio_persona_id, pagat_per_id, data_modificacio, eliminat) VALUES ('55679427-c0bf-4861-942d-2ed1887ad13a', 'usr_701e78a629ca02a4', 'BIZUM REBUT', 1766361600000, 216, 'Roc Viatge Copenhaguen', 'c39414c6-56b5-419b-85dd-bf96b5c72a7a', NULL, '4b0b9500-054b-4695-8e46-862755ab298c', NULL, NULL, 'ingres', false, 'fa57183c-1746-41aa-a3eb-12d3c8b75e41', NULL, 1773264415476, false);
INSERT INTO transactions (id, user_id, concepte, data, import_trs, notes, compte_id, compte_desti_id, categoria_id, esdeveniment_id, event_tag_id, tipus, recurrent, liquidacio_persona_id, pagat_per_id, data_modificacio, eliminat) VALUES ('56a35770-06c3-4c51-80a1-3f0cd1071196', 'usr_701e78a629ca02a4', 'Glovo 21DEC BZMN1', 1766275200000, 46.66, 'Importat', 'c39414c6-56b5-419b-85dd-bf96b5c72a7a', NULL, '08aaceae-60b7-49d4-b789-2509737caf91', NULL, NULL, 'despesa', false, NULL, NULL, 1773264415476, false);
INSERT INTO transaction_splits (id, transaccio_id, persona_id, import_degut, data_modificacio, eliminat) VALUES ('cda9976e-95b7-4a6a-9cc3-25d3042c1de9', '56a35770-06c3-4c51-80a1-3f0cd1071196', '1c3eaa95-3295-495c-a1a6-ec847b5ad437', 46.66, 1773264415476, false);
INSERT INTO transactions (id, user_id, concepte, data, import_trs, notes, compte_id, compte_desti_id, categoria_id, esdeveniment_id, event_tag_id, tipus, recurrent, liquidacio_persona_id, pagat_per_id, data_modificacio, eliminat) VALUES ('39ed3a58-9381-4c9d-a78e-91b3ee6dd0fa', 'usr_701e78a629ca02a4', 'EL JARDINET DEL T', 1766275200000, 19.45, 'Dinar equip', 'c39414c6-56b5-419b-85dd-bf96b5c72a7a', NULL, '08aaceae-60b7-49d4-b789-2509737caf91', NULL, NULL, 'despesa', false, NULL, NULL, 1773264415476, false);
INSERT INTO transactions (id, user_id, concepte, data, import_trs, notes, compte_id, compte_desti_id, categoria_id, esdeveniment_id, event_tag_id, tipus, recurrent, liquidacio_persona_id, pagat_per_id, data_modificacio, eliminat) VALUES ('a7d70866-e69b-4296-9b95-9a75e12285a3', 'usr_701e78a629ca02a4', 'STEAMGAMES.COM 42', 1766188800000, 4.22, 'Baldur''s Gate 3', 'c39414c6-56b5-419b-85dd-bf96b5c72a7a', NULL, 'b1d8a815-b31e-4082-a4ed-a82532b31e0e', NULL, NULL, 'despesa', false, NULL, NULL, 1773264415476, false);
INSERT INTO transactions (id, user_id, concepte, data, import_trs, notes, compte_id, compte_desti_id, categoria_id, esdeveniment_id, event_tag_id, tipus, recurrent, liquidacio_persona_id, pagat_per_id, data_modificacio, eliminat) VALUES ('1b065810-f221-4be3-85e9-07ff7e9c5162', 'usr_701e78a629ca02a4', 'Riot*', 1766102400000, 21.99, 'Importat', 'c39414c6-56b5-419b-85dd-bf96b5c72a7a', NULL, 'b1d8a815-b31e-4082-a4ed-a82532b31e0e', NULL, NULL, 'despesa', false, NULL, NULL, 1773264415476, false);
INSERT INTO transactions (id, user_id, concepte, data, import_trs, notes, compte_id, compte_desti_id, categoria_id, esdeveniment_id, event_tag_id, tipus, recurrent, liquidacio_persona_id, pagat_per_id, data_modificacio, eliminat) VALUES ('258cf2b5-2093-4715-896b-2a9aa442e9af', 'usr_701e78a629ca02a4', 'PELUQUERIA TRIMAR', 1766102400000, 18, 'Importat', 'c39414c6-56b5-419b-85dd-bf96b5c72a7a', NULL, 'd7874cad-6cba-400d-96fa-c03e572e4b72', NULL, NULL, 'despesa', false, NULL, NULL, 1773264415476, false);
INSERT INTO transactions (id, user_id, concepte, data, import_trs, notes, compte_id, compte_desti_id, categoria_id, esdeveniment_id, event_tag_id, tipus, recurrent, liquidacio_persona_id, pagat_per_id, data_modificacio, eliminat) VALUES ('77930101-359f-4cb4-bbe0-c426a5320666', 'usr_701e78a629ca02a4', 'OPENAI *CHATGPT S', 1766016000000, 20.68, 'Importat', 'c39414c6-56b5-419b-85dd-bf96b5c72a7a', NULL, '858f8086-0d7a-455a-b9de-794472e3c8a9', NULL, NULL, 'despesa', false, NULL, NULL, 1773264415476, false);
INSERT INTO transaction_splits (id, transaccio_id, persona_id, import_degut, data_modificacio, eliminat) VALUES ('ea904c60-c5bb-4e62-ad71-d408cb9232a4', '77930101-359f-4cb4-bbe0-c426a5320666', '1c3eaa95-3295-495c-a1a6-ec847b5ad437', 10.34, 1773264415476, false);
INSERT INTO transactions (id, user_id, concepte, data, import_trs, notes, compte_id, compte_desti_id, categoria_id, esdeveniment_id, event_tag_id, tipus, recurrent, liquidacio_persona_id, pagat_per_id, data_modificacio, eliminat) VALUES ('21989133-2f7e-4152-af05-16f5f014767c', 'usr_701e78a629ca02a4', 'TRANSFERENCIA rebuda de Revolut', 1765756800000, 120.56, 'Transferència rebuda', 'c6883cae-c1e2-4889-aae6-bab2e820a112', 'c39414c6-56b5-419b-85dd-bf96b5c72a7a', NULL, NULL, NULL, 'transferencia', false, NULL, NULL, 1773264415476, false);
INSERT INTO transactions (id, user_id, concepte, data, import_trs, notes, compte_id, compte_desti_id, categoria_id, esdeveniment_id, event_tag_id, tipus, recurrent, liquidacio_persona_id, pagat_per_id, data_modificacio, eliminat) VALUES ('e4671088-3fa5-4fb4-a687-a89e01d74223', 'usr_701e78a629ca02a4', 'UBER   * EATS PEN', 1765756800000, 33.45, 'Importat', 'c39414c6-56b5-419b-85dd-bf96b5c72a7a', NULL, '08aaceae-60b7-49d4-b789-2509737caf91', NULL, NULL, 'despesa', false, NULL, NULL, 1773264415476, false);
INSERT INTO transactions (id, user_id, concepte, data, import_trs, notes, compte_id, compte_desti_id, categoria_id, esdeveniment_id, event_tag_id, tipus, recurrent, liquidacio_persona_id, pagat_per_id, data_modificacio, eliminat) VALUES ('8facde14-c97a-4378-9019-a20d847d15f5', 'usr_701e78a629ca02a4', 'TRANSFERENCIA enviada a Revolut', 1765584000000, 300, 'Transferència enviada', 'c39414c6-56b5-419b-85dd-bf96b5c72a7a', 'c6883cae-c1e2-4889-aae6-bab2e820a112', NULL, NULL, NULL, 'transferencia', false, NULL, NULL, 1773264415476, false);
INSERT INTO transactions (id, user_id, concepte, data, import_trs, notes, compte_id, compte_desti_id, categoria_id, esdeveniment_id, event_tag_id, tipus, recurrent, liquidacio_persona_id, pagat_per_id, data_modificacio, eliminat) VALUES ('492a199a-b521-428e-b7b4-0fd71ef98d69', 'usr_701e78a629ca02a4', 'APPLE.COM/BILL', 1765497600000, 9.99, 'Importat', 'c39414c6-56b5-419b-85dd-bf96b5c72a7a', NULL, '858f8086-0d7a-455a-b9de-794472e3c8a9', NULL, NULL, 'despesa', false, NULL, NULL, 1773264415476, false);
INSERT INTO transaction_splits (id, transaccio_id, persona_id, import_degut, data_modificacio, eliminat) VALUES ('c225982b-23b0-4610-b985-a3a6c9943e91', '492a199a-b521-428e-b7b4-0fd71ef98d69', '1c3eaa95-3295-495c-a1a6-ec847b5ad437', 9.99, 1773264415476, false);
INSERT INTO transactions (id, user_id, concepte, data, import_trs, notes, compte_id, compte_desti_id, categoria_id, esdeveniment_id, event_tag_id, tipus, recurrent, liquidacio_persona_id, pagat_per_id, data_modificacio, eliminat) VALUES ('d1dc2891-035c-4eae-a365-cb4ce52443b9', 'usr_701e78a629ca02a4', 'APPLE.COM/BILL', 1765497600000, 2.99, 'Apple Cloud', 'c39414c6-56b5-419b-85dd-bf96b5c72a7a', NULL, '858f8086-0d7a-455a-b9de-794472e3c8a9', NULL, NULL, 'despesa', false, NULL, NULL, 1773264415476, false);
INSERT INTO transactions (id, user_id, concepte, data, import_trs, notes, compte_id, compte_desti_id, categoria_id, esdeveniment_id, event_tag_id, tipus, recurrent, liquidacio_persona_id, pagat_per_id, data_modificacio, eliminat) VALUES ('aa43c410-0626-4a69-8723-d1e503c5ac18', 'usr_701e78a629ca02a4', 'Vol copenhaguen', 1765411200000, 119.24, 'Bizum a l''Helena', 'c39414c6-56b5-419b-85dd-bf96b5c72a7a', NULL, '743a10cf-04cf-44f2-8092-c7ce7c2de37e', '83afe2a7-0e91-453e-a02a-1e372cd6ffdd', NULL, 'despesa', false, NULL, NULL, 1773264415476, false);
INSERT INTO transactions (id, user_id, concepte, data, import_trs, notes, compte_id, compte_desti_id, categoria_id, esdeveniment_id, event_tag_id, tipus, recurrent, liquidacio_persona_id, pagat_per_id, data_modificacio, eliminat) VALUES ('28207c93-e08b-4ccc-b1a9-f6e908c1ab60', 'usr_701e78a629ca02a4', 'TRANSFERENCIA enviada a Revolut', 1765238400000, 500, 'Transferència enviada', 'c39414c6-56b5-419b-85dd-bf96b5c72a7a', 'c6883cae-c1e2-4889-aae6-bab2e820a112', NULL, NULL, NULL, 'transferencia', false, NULL, NULL, 1773264415476, false);
INSERT INTO transactions (id, user_id, concepte, data, import_trs, notes, compte_id, compte_desti_id, categoria_id, esdeveniment_id, event_tag_id, tipus, recurrent, liquidacio_persona_id, pagat_per_id, data_modificacio, eliminat) VALUES ('cb4d3765-7390-42e3-91a4-596cb01fa9a1', 'usr_701e78a629ca02a4', 'DIPUPI', 1765152000000, 3.5, 'Bar Basquet', 'c39414c6-56b5-419b-85dd-bf96b5c72a7a', NULL, '04676608-a189-4bed-a46d-2dfa445f3288', NULL, NULL, 'despesa', false, NULL, NULL, 1773264415476, false);
INSERT INTO transactions (id, user_id, concepte, data, import_trs, notes, compte_id, compte_desti_id, categoria_id, esdeveniment_id, event_tag_id, tipus, recurrent, liquidacio_persona_id, pagat_per_id, data_modificacio, eliminat) VALUES ('90f1b51e-b6e5-49e7-9206-699d61ed05cf', 'usr_701e78a629ca02a4', 'Regal Iaia viatge Xina', 1765065600000, 500, 'Importat', 'c39414c6-56b5-419b-85dd-bf96b5c72a7a', NULL, 'f9fa6a71-3802-454c-b1fb-0ef400396341', NULL, NULL, 'ingres', false, NULL, NULL, 1773264415476, false);
INSERT INTO transactions (id, user_id, concepte, data, import_trs, notes, compte_id, compte_desti_id, categoria_id, esdeveniment_id, event_tag_id, tipus, recurrent, liquidacio_persona_id, pagat_per_id, data_modificacio, eliminat) VALUES ('1632bf6d-5cc4-496f-8714-1ae719c62863', 'usr_701e78a629ca02a4', 'APPLE.COM/BILL', 1765065600000, 20.99, 'Google Cloud', 'c39414c6-56b5-419b-85dd-bf96b5c72a7a', NULL, '858f8086-0d7a-455a-b9de-794472e3c8a9', NULL, NULL, 'despesa', false, NULL, NULL, 1773264415476, false);
INSERT INTO transactions (id, user_id, concepte, data, import_trs, notes, compte_id, compte_desti_id, categoria_id, esdeveniment_id, event_tag_id, tipus, recurrent, liquidacio_persona_id, pagat_per_id, data_modificacio, eliminat) VALUES ('71a08caf-1ae8-4662-b40e-69e29255f1d8', 'usr_701e78a629ca02a4', 'BIZUM ENVIAT', 1764892800000, 97.94, 'Coses Oficina', 'c39414c6-56b5-419b-85dd-bf96b5c72a7a', NULL, '3a148cd7-1843-473a-bc89-fe0fe11685e7', NULL, NULL, 'despesa', false, NULL, NULL, 1773264415476, false);
INSERT INTO transactions (id, user_id, concepte, data, import_trs, notes, compte_id, compte_desti_id, categoria_id, esdeveniment_id, event_tag_id, tipus, recurrent, liquidacio_persona_id, pagat_per_id, data_modificacio, eliminat) VALUES ('675e2c60-7c3f-4911-9495-c66fe617a9d2', 'usr_701e78a629ca02a4', 'BIZUM ENVIAT', 1764892800000, 91.73, 'Teclat', 'c39414c6-56b5-419b-85dd-bf96b5c72a7a', NULL, '3a148cd7-1843-473a-bc89-fe0fe11685e7', NULL, NULL, 'despesa', false, NULL, NULL, 1773264415476, false);
INSERT INTO transactions (id, user_id, concepte, data, import_trs, notes, compte_id, compte_desti_id, categoria_id, esdeveniment_id, event_tag_id, tipus, recurrent, liquidacio_persona_id, pagat_per_id, data_modificacio, eliminat) VALUES ('c45fff4a-0f4a-4da2-b6fa-e4ad6458b0dd', 'usr_701e78a629ca02a4', 'Instant Gaming', 1764892800000, 9.99, 'DLC planet coaster 2', 'c39414c6-56b5-419b-85dd-bf96b5c72a7a', NULL, 'b1d8a815-b31e-4082-a4ed-a82532b31e0e', NULL, NULL, 'despesa', false, NULL, NULL, 1773264415476, false);
INSERT INTO transactions (id, user_id, concepte, data, import_trs, notes, compte_id, compte_desti_id, categoria_id, esdeveniment_id, event_tag_id, tipus, recurrent, liquidacio_persona_id, pagat_per_id, data_modificacio, eliminat) VALUES ('faecf4b9-201e-49e5-844e-ce23ca8dd22d', 'usr_701e78a629ca02a4', 'OPENAI (Projecte receptari)', 1764892800000, 5.19, 'Importat', 'c39414c6-56b5-419b-85dd-bf96b5c72a7a', NULL, 'b234f87b-ae33-4472-a181-f0bbf251d88a', NULL, NULL, 'despesa', false, NULL, NULL, 1773264415476, false);
INSERT INTO transactions (id, user_id, concepte, data, import_trs, notes, compte_id, compte_desti_id, categoria_id, esdeveniment_id, event_tag_id, tipus, recurrent, liquidacio_persona_id, pagat_per_id, data_modificacio, eliminat) VALUES ('c190e341-989a-48a3-9b3f-e8a1c63506bd', 'usr_701e78a629ca02a4', 'BIZUM REBUT', 1764892800000, 178.5, 'Retorn des del 18/9 - 24/11', 'c39414c6-56b5-419b-85dd-bf96b5c72a7a', NULL, '4b0b9500-054b-4695-8e46-862755ab298c', NULL, NULL, 'ingres', false, NULL, NULL, 1773264415476, false);
INSERT INTO transactions (id, user_id, concepte, data, import_trs, notes, compte_id, compte_desti_id, categoria_id, esdeveniment_id, event_tag_id, tipus, recurrent, liquidacio_persona_id, pagat_per_id, data_modificacio, eliminat) VALUES ('35604614-1971-409d-8421-8af02a3cc4fe', 'usr_701e78a629ca02a4', 'TRASPAS ', 1764892800000, 600.48, 'Shanghai', 'c39414c6-56b5-419b-85dd-bf96b5c72a7a', NULL, '4b0b9500-054b-4695-8e46-862755ab298c', NULL, NULL, 'ingres', false, NULL, NULL, 1773264415476, false);
INSERT INTO transactions (id, user_id, concepte, data, import_trs, notes, compte_id, compte_desti_id, categoria_id, esdeveniment_id, event_tag_id, tipus, recurrent, liquidacio_persona_id, pagat_per_id, data_modificacio, eliminat) VALUES ('a31fd1a3-89c5-4beb-a58e-3003278798a8', 'usr_701e78a629ca02a4', 'V1VPN', 1764806400000, 5.17, 'Importat', 'c39414c6-56b5-419b-85dd-bf96b5c72a7a', NULL, 'f4800fe8-3ce4-4719-9c65-4875b2ed5084', NULL, NULL, 'despesa', false, NULL, NULL, 1773264415476, false);
INSERT INTO transactions (id, user_id, concepte, data, import_trs, notes, compte_id, compte_desti_id, categoria_id, esdeveniment_id, event_tag_id, tipus, recurrent, liquidacio_persona_id, pagat_per_id, data_modificacio, eliminat) VALUES ('9998da62-c9f0-414b-9e87-6b63055a6a19', 'usr_701e78a629ca02a4', 'STEAMGAMES.COM 42', 1764720000000, 22.06, 'DLCs Cities:Skylines 2', 'c39414c6-56b5-419b-85dd-bf96b5c72a7a', NULL, 'b1d8a815-b31e-4082-a4ed-a82532b31e0e', NULL, NULL, 'despesa', false, NULL, NULL, 1773264415476, false);
INSERT INTO transactions (id, user_id, concepte, data, import_trs, notes, compte_id, compte_desti_id, categoria_id, esdeveniment_id, event_tag_id, tipus, recurrent, liquidacio_persona_id, pagat_per_id, data_modificacio, eliminat) VALUES ('7a5a1834-3322-4ff5-972a-63c35e91fc79', 'usr_701e78a629ca02a4', 'Kebabish Aps', 1765238400000, 18.26, 'Importat', 'c6883cae-c1e2-4889-aae6-bab2e820a112', NULL, '08aaceae-60b7-49d4-b789-2509737caf91', '83afe2a7-0e91-453e-a02a-1e372cd6ffdd', NULL, 'despesa', false, NULL, NULL, 1773264415476, false);
INSERT INTO transaction_splits (id, transaccio_id, persona_id, import_degut, data_modificacio, eliminat) VALUES ('d3f854b9-1ebb-489d-9e70-92874616ca48', '7a5a1834-3322-4ff5-972a-63c35e91fc79', 'fa57183c-1746-41aa-a3eb-12d3c8b75e41', 9.18, 1773264415476, false);
INSERT INTO transactions (id, user_id, concepte, data, import_trs, notes, compte_id, compte_desti_id, categoria_id, esdeveniment_id, event_tag_id, tipus, recurrent, liquidacio_persona_id, pagat_per_id, data_modificacio, eliminat) VALUES ('e47bfaea-a3f0-432e-8c2d-52a7c2a65670', 'usr_701e78a629ca02a4', 'Bastard Cafe Order Via Ho', 1765324800000, 22.56, 'Importat', 'c6883cae-c1e2-4889-aae6-bab2e820a112', NULL, '08aaceae-60b7-49d4-b789-2509737caf91', '83afe2a7-0e91-453e-a02a-1e372cd6ffdd', NULL, 'despesa', false, NULL, NULL, 1773264415476, false);
INSERT INTO transaction_splits (id, transaccio_id, persona_id, import_degut, data_modificacio, eliminat) VALUES ('b878f5b0-df02-4bc9-915b-2e3e5ce76443', 'e47bfaea-a3f0-432e-8c2d-52a7c2a65670', 'fa57183c-1746-41aa-a3eb-12d3c8b75e41', 18.74, 1773264415476, false);
INSERT INTO transactions (id, user_id, concepte, data, import_trs, notes, compte_id, compte_desti_id, categoria_id, esdeveniment_id, event_tag_id, tipus, recurrent, liquidacio_persona_id, pagat_per_id, data_modificacio, eliminat) VALUES ('bfb18ff6-b1a5-4e3f-b74d-6be18a84a648', 'usr_701e78a629ca02a4', 'The Flying Chef', 1765324800000, 38.27, 'Importat', 'c6883cae-c1e2-4889-aae6-bab2e820a112', NULL, '08aaceae-60b7-49d4-b789-2509737caf91', '83afe2a7-0e91-453e-a02a-1e372cd6ffdd', NULL, 'despesa', false, NULL, NULL, 1773264415476, false);
INSERT INTO transaction_splits (id, transaccio_id, persona_id, import_degut, data_modificacio, eliminat) VALUES ('c0901b81-03a9-433a-ad01-b47eb65dbf5e', 'bfb18ff6-b1a5-4e3f-b74d-6be18a84a648', 'fa57183c-1746-41aa-a3eb-12d3c8b75e41', 25.44, 1773264415476, false);
INSERT INTO transactions (id, user_id, concepte, data, import_trs, notes, compte_id, compte_desti_id, categoria_id, esdeveniment_id, event_tag_id, tipus, recurrent, liquidacio_persona_id, pagat_per_id, data_modificacio, eliminat) VALUES ('e33cc4e9-fe6f-4a6c-8f25-50d93ee1a252', 'usr_701e78a629ca02a4', 'Bastard Cafe Order Via Ho', 1765324800000, 45.38, 'Importat', 'c6883cae-c1e2-4889-aae6-bab2e820a112', NULL, '08aaceae-60b7-49d4-b789-2509737caf91', '83afe2a7-0e91-453e-a02a-1e372cd6ffdd', NULL, 'despesa', false, NULL, NULL, 1773264415476, false);
INSERT INTO transaction_splits (id, transaccio_id, persona_id, import_degut, data_modificacio, eliminat) VALUES ('e4cce6fe-3674-48ff-95cf-6806f6a1620f', 'e33cc4e9-fe6f-4a6c-8f25-50d93ee1a252', 'fa57183c-1746-41aa-a3eb-12d3c8b75e41', 37.71, 1773264415476, false);
INSERT INTO transactions (id, user_id, concepte, data, import_trs, notes, compte_id, compte_desti_id, categoria_id, esdeveniment_id, event_tag_id, tipus, recurrent, liquidacio_persona_id, pagat_per_id, data_modificacio, eliminat) VALUES ('13eb9497-1555-4c41-be72-ae8af19ada79', 'usr_701e78a629ca02a4', 'Steel House Copenhagen', 1765324800000, 3.36, 'Importat', 'c6883cae-c1e2-4889-aae6-bab2e820a112', NULL, '50efd5be-3b8e-4d0b-a2eb-8880918f1478', '83afe2a7-0e91-453e-a02a-1e372cd6ffdd', NULL, 'despesa', false, NULL, NULL, 1773264415476, false);
INSERT INTO transaction_splits (id, transaccio_id, persona_id, import_degut, data_modificacio, eliminat) VALUES ('35a80f26-5b49-40fc-9616-6346b8005112', '13eb9497-1555-4c41-be72-ae8af19ada79', 'fa57183c-1746-41aa-a3eb-12d3c8b75e41', 2.79, 1773264415476, false);
INSERT INTO transactions (id, user_id, concepte, data, import_trs, notes, compte_id, compte_desti_id, categoria_id, esdeveniment_id, event_tag_id, tipus, recurrent, liquidacio_persona_id, pagat_per_id, data_modificacio, eliminat) VALUES ('85e5da5b-747b-4d97-80a6-441822186418', 'usr_701e78a629ca02a4', 'Rema 1000', 1765324800000, 17.7, 'Importat', 'c6883cae-c1e2-4889-aae6-bab2e820a112', NULL, '50efd5be-3b8e-4d0b-a2eb-8880918f1478', '83afe2a7-0e91-453e-a02a-1e372cd6ffdd', NULL, 'despesa', false, NULL, NULL, 1773264415476, false);
INSERT INTO transaction_splits (id, transaccio_id, persona_id, import_degut, data_modificacio, eliminat) VALUES ('69d493e1-99cb-4ea8-94b3-cef26f40e416', '85e5da5b-747b-4d97-80a6-441822186418', 'fa57183c-1746-41aa-a3eb-12d3c8b75e41', 13.23, 1773264415476, false);
INSERT INTO transactions (id, user_id, concepte, data, import_trs, notes, compte_id, compte_desti_id, categoria_id, esdeveniment_id, event_tag_id, tipus, recurrent, liquidacio_persona_id, pagat_per_id, data_modificacio, eliminat) VALUES ('4844462a-2027-4098-b064-7ba4d447c596', 'usr_701e78a629ca02a4', 'Villa Copenhagen', 1765411200000, 28.87, 'Importat', 'c6883cae-c1e2-4889-aae6-bab2e820a112', NULL, '08aaceae-60b7-49d4-b789-2509737caf91', '83afe2a7-0e91-453e-a02a-1e372cd6ffdd', NULL, 'despesa', false, NULL, NULL, 1773264415476, false);
INSERT INTO transaction_splits (id, transaccio_id, persona_id, import_degut, data_modificacio, eliminat) VALUES ('30ce851d-ad49-4470-9206-14a27d486f73', '4844462a-2027-4098-b064-7ba4d447c596', 'fa57183c-1746-41aa-a3eb-12d3c8b75e41', 16.74, 1773264415476, false);
INSERT INTO transactions (id, user_id, concepte, data, import_trs, notes, compte_id, compte_desti_id, categoria_id, esdeveniment_id, event_tag_id, tipus, recurrent, liquidacio_persona_id, pagat_per_id, data_modificacio, eliminat) VALUES ('880d74c6-7912-4d91-88fe-f06ced7ef30b', 'usr_701e78a629ca02a4', 'Foodhalls Roskilde', 1765411200000, 10.74, 'Importat', 'c6883cae-c1e2-4889-aae6-bab2e820a112', NULL, '08aaceae-60b7-49d4-b789-2509737caf91', '83afe2a7-0e91-453e-a02a-1e372cd6ffdd', NULL, 'despesa', false, NULL, NULL, 1773264415476, false);
INSERT INTO transaction_splits (id, transaccio_id, persona_id, import_degut, data_modificacio, eliminat) VALUES ('478ff061-c5e8-40cb-9a01-68e8acf79e7a', '880d74c6-7912-4d91-88fe-f06ced7ef30b', 'fa57183c-1746-41aa-a3eb-12d3c8b75e41', 5.37, 1773264415476, false);
INSERT INTO transactions (id, user_id, concepte, data, import_trs, notes, compte_id, compte_desti_id, categoria_id, esdeveniment_id, event_tag_id, tipus, recurrent, liquidacio_persona_id, pagat_per_id, data_modificacio, eliminat) VALUES ('3fe34b07-901c-4e47-a7ed-b08a93b3de75', 'usr_701e78a629ca02a4', 'Rema 1000', 1765411200000, 4.98, 'Importat', 'c6883cae-c1e2-4889-aae6-bab2e820a112', NULL, '50efd5be-3b8e-4d0b-a2eb-8880918f1478', '83afe2a7-0e91-453e-a02a-1e372cd6ffdd', NULL, 'despesa', false, NULL, NULL, 1773264415476, false);
INSERT INTO transaction_splits (id, transaccio_id, persona_id, import_degut, data_modificacio, eliminat) VALUES ('1078f162-5d6c-41e6-81e0-4fb3e1bec50f', '3fe34b07-901c-4e47-a7ed-b08a93b3de75', 'fa57183c-1746-41aa-a3eb-12d3c8b75e41', 4.98, 1773264415476, false);
INSERT INTO transactions (id, user_id, concepte, data, import_trs, notes, compte_id, compte_desti_id, categoria_id, esdeveniment_id, event_tag_id, tipus, recurrent, liquidacio_persona_id, pagat_per_id, data_modificacio, eliminat) VALUES ('067ff502-b19f-465f-8774-cc1864033cd5', 'usr_701e78a629ca02a4', 'føtex', 1765411200000, 7.39, 'Importat', 'c6883cae-c1e2-4889-aae6-bab2e820a112', NULL, '50efd5be-3b8e-4d0b-a2eb-8880918f1478', '83afe2a7-0e91-453e-a02a-1e372cd6ffdd', NULL, 'despesa', false, NULL, NULL, 1773264415476, false);
INSERT INTO transaction_splits (id, transaccio_id, persona_id, import_degut, data_modificacio, eliminat) VALUES ('2f3a5005-53ac-481d-8125-a01c1f55d4a7', '067ff502-b19f-465f-8774-cc1864033cd5', 'fa57183c-1746-41aa-a3eb-12d3c8b75e41', 7.39, 1773264415476, false);
INSERT INTO transactions (id, user_id, concepte, data, import_trs, notes, compte_id, compte_desti_id, categoria_id, esdeveniment_id, event_tag_id, tipus, recurrent, liquidacio_persona_id, pagat_per_id, data_modificacio, eliminat) VALUES ('2a323a55-5831-4de6-8629-7b6d15439004', 'usr_701e78a629ca02a4', 'DSB', 1765411200000, 40.28, 'Importat', 'c6883cae-c1e2-4889-aae6-bab2e820a112', NULL, 'd8466a45-f26e-4485-aa85-d12ddad916de', '83afe2a7-0e91-453e-a02a-1e372cd6ffdd', NULL, 'despesa', false, NULL, NULL, 1773264415476, false);
INSERT INTO transaction_splits (id, transaccio_id, persona_id, import_degut, data_modificacio, eliminat) VALUES ('4f165dd6-4e97-4987-a088-a65d6cd860ba', '2a323a55-5831-4de6-8629-7b6d15439004', 'fa57183c-1746-41aa-a3eb-12d3c8b75e41', 32.13, 1773264415476, false);
INSERT INTO transactions (id, user_id, concepte, data, import_trs, notes, compte_id, compte_desti_id, categoria_id, esdeveniment_id, event_tag_id, tipus, recurrent, liquidacio_persona_id, pagat_per_id, data_modificacio, eliminat) VALUES ('969bcb1e-614b-404a-af68-e3102e17044e', 'usr_701e78a629ca02a4', 'DSB', 1765411200000, 40.28, 'Importat', 'c6883cae-c1e2-4889-aae6-bab2e820a112', NULL, 'd8466a45-f26e-4485-aa85-d12ddad916de', '83afe2a7-0e91-453e-a02a-1e372cd6ffdd', NULL, 'despesa', false, NULL, NULL, 1773264415476, false);
INSERT INTO transaction_splits (id, transaccio_id, persona_id, import_degut, data_modificacio, eliminat) VALUES ('d251d9d6-9ab1-4c4a-8d8c-b2bfee16917e', '969bcb1e-614b-404a-af68-e3102e17044e', 'fa57183c-1746-41aa-a3eb-12d3c8b75e41', 32.13, 1773264415476, false);
INSERT INTO transactions (id, user_id, concepte, data, import_trs, notes, compte_id, compte_desti_id, categoria_id, esdeveniment_id, event_tag_id, tipus, recurrent, liquidacio_persona_id, pagat_per_id, data_modificacio, eliminat) VALUES ('58f8c76d-feb4-4830-a64b-21d207509ef4', 'usr_701e78a629ca02a4', 'JAGGER', 1765411200000, 47.66, 'Importat', 'c6883cae-c1e2-4889-aae6-bab2e820a112', NULL, '08aaceae-60b7-49d4-b789-2509737caf91', '83afe2a7-0e91-453e-a02a-1e372cd6ffdd', NULL, 'despesa', false, NULL, NULL, 1773264415476, false);
INSERT INTO transaction_splits (id, transaccio_id, persona_id, import_degut, data_modificacio, eliminat) VALUES ('642d586f-7204-444f-b320-c18e80f09c48', '58f8c76d-feb4-4830-a64b-21d207509ef4', 'fa57183c-1746-41aa-a3eb-12d3c8b75e41', 31.46, 1773264415476, false);
INSERT INTO transactions (id, user_id, concepte, data, import_trs, notes, compte_id, compte_desti_id, categoria_id, esdeveniment_id, event_tag_id, tipus, recurrent, liquidacio_persona_id, pagat_per_id, data_modificacio, eliminat) VALUES ('035261dd-32d5-414c-b633-1b7daaa58b01', 'usr_701e78a629ca02a4', 'Zapfoodtruck', 1765497600000, 2.31, 'Importat', 'c6883cae-c1e2-4889-aae6-bab2e820a112', NULL, '50efd5be-3b8e-4d0b-a2eb-8880918f1478', '83afe2a7-0e91-453e-a02a-1e372cd6ffdd', NULL, 'despesa', false, NULL, NULL, 1773264415476, false);
INSERT INTO transactions (id, user_id, concepte, data, import_trs, notes, compte_id, compte_desti_id, categoria_id, esdeveniment_id, event_tag_id, tipus, recurrent, liquidacio_persona_id, pagat_per_id, data_modificacio, eliminat) VALUES ('04c854da-e286-4e80-af8b-1d2a6acc39a2', 'usr_701e78a629ca02a4', 'Rema 1000', 1765497600000, 13.14, 'Importat', 'c6883cae-c1e2-4889-aae6-bab2e820a112', NULL, '50efd5be-3b8e-4d0b-a2eb-8880918f1478', '83afe2a7-0e91-453e-a02a-1e372cd6ffdd', NULL, 'despesa', false, NULL, NULL, 1773264415476, false);
INSERT INTO transactions (id, user_id, concepte, data, import_trs, notes, compte_id, compte_desti_id, categoria_id, esdeveniment_id, event_tag_id, tipus, recurrent, liquidacio_persona_id, pagat_per_id, data_modificacio, eliminat) VALUES ('8ed219db-6b34-461a-9467-f20fdef3ff67', 'usr_701e78a629ca02a4', 'DSB', 1765497600000, 20.95, 'Importat', 'c6883cae-c1e2-4889-aae6-bab2e820a112', NULL, '08aaceae-60b7-49d4-b789-2509737caf91', '83afe2a7-0e91-453e-a02a-1e372cd6ffdd', NULL, 'despesa', false, NULL, NULL, 1773264415476, false);
INSERT INTO transaction_splits (id, transaccio_id, persona_id, import_degut, data_modificacio, eliminat) VALUES ('f599f50f-6fd4-4e4e-a822-3c2aa37ce4dc', '8ed219db-6b34-461a-9467-f20fdef3ff67', 'fa57183c-1746-41aa-a3eb-12d3c8b75e41', 7.9, 1773264415476, false);
INSERT INTO transactions (id, user_id, concepte, data, import_trs, notes, compte_id, compte_desti_id, categoria_id, esdeveniment_id, event_tag_id, tipus, recurrent, liquidacio_persona_id, pagat_per_id, data_modificacio, eliminat) VALUES ('194b1ddc-9fa1-4c92-9a7b-1ee664c37add', 'usr_701e78a629ca02a4', 'Ramen To Biiru', 1765497600000, 45.18, 'Importat', 'c6883cae-c1e2-4889-aae6-bab2e820a112', NULL, '08aaceae-60b7-49d4-b789-2509737caf91', '83afe2a7-0e91-453e-a02a-1e372cd6ffdd', NULL, 'despesa', false, NULL, NULL, 1773264415476, false);
INSERT INTO transaction_splits (id, transaccio_id, persona_id, import_degut, data_modificacio, eliminat) VALUES ('a062f2a5-d0f7-4805-afe9-dff0af645707', '194b1ddc-9fa1-4c92-9a7b-1ee664c37add', 'fa57183c-1746-41aa-a3eb-12d3c8b75e41', 29.77, 1773264415476, false);
INSERT INTO transactions (id, user_id, concepte, data, import_trs, notes, compte_id, compte_desti_id, categoria_id, esdeveniment_id, event_tag_id, tipus, recurrent, liquidacio_persona_id, pagat_per_id, data_modificacio, eliminat) VALUES ('b3977d4c-74fc-445d-b708-11e65205b6fd', 'usr_701e78a629ca02a4', 'Nyhavn 38 Souvenir', 1765584000000, 6.59, 'Importat', 'c6883cae-c1e2-4889-aae6-bab2e820a112', NULL, 'cbcbf53b-8b2d-447f-9251-fb9443c0eff0', '83afe2a7-0e91-453e-a02a-1e372cd6ffdd', NULL, 'despesa', false, NULL, NULL, 1773264415476, false);
INSERT INTO transactions (id, user_id, concepte, data, import_trs, notes, compte_id, compte_desti_id, categoria_id, esdeveniment_id, event_tag_id, tipus, recurrent, liquidacio_persona_id, pagat_per_id, data_modificacio, eliminat) VALUES ('b226d55c-672a-4636-9138-ab6ab531dbae', 'usr_701e78a629ca02a4', '7-Eleven', 1765584000000, 14.91, 'Importat', 'c6883cae-c1e2-4889-aae6-bab2e820a112', NULL, '50efd5be-3b8e-4d0b-a2eb-8880918f1478', '83afe2a7-0e91-453e-a02a-1e372cd6ffdd', NULL, 'despesa', false, NULL, NULL, 1773264415476, false);
INSERT INTO transaction_splits (id, transaccio_id, persona_id, import_degut, data_modificacio, eliminat) VALUES ('7241b77d-2292-4c5e-adbf-12e947d6ec9e', 'b226d55c-672a-4636-9138-ab6ab531dbae', 'fa57183c-1746-41aa-a3eb-12d3c8b75e41', 14.91, 1773264415476, false);
INSERT INTO transactions (id, user_id, concepte, data, import_trs, notes, compte_id, compte_desti_id, categoria_id, esdeveniment_id, event_tag_id, tipus, recurrent, liquidacio_persona_id, pagat_per_id, data_modificacio, eliminat) VALUES ('dad4c859-9c75-44ae-a6bb-17b2fd526e2b', 'usr_701e78a629ca02a4', '7-Eleven', 1765584000000, 28.48, 'Importat', 'c6883cae-c1e2-4889-aae6-bab2e820a112', NULL, '50efd5be-3b8e-4d0b-a2eb-8880918f1478', '83afe2a7-0e91-453e-a02a-1e372cd6ffdd', NULL, 'despesa', false, NULL, NULL, 1773264415476, false);
INSERT INTO transaction_splits (id, transaccio_id, persona_id, import_degut, data_modificacio, eliminat) VALUES ('8ad98166-5f4c-424f-aa68-789d03a5147e', 'dad4c859-9c75-44ae-a6bb-17b2fd526e2b', 'fa57183c-1746-41aa-a3eb-12d3c8b75e41', 16.74, 1773264415476, false);
INSERT INTO transactions (id, user_id, concepte, data, import_trs, notes, compte_id, compte_desti_id, categoria_id, esdeveniment_id, event_tag_id, tipus, recurrent, liquidacio_persona_id, pagat_per_id, data_modificacio, eliminat) VALUES ('58932c12-cfc3-4a98-8b9e-8ce9f8cadd33', 'usr_701e78a629ca02a4', 'Kultur Cafeen', 1765584000000, 16.12, 'Importat', 'c6883cae-c1e2-4889-aae6-bab2e820a112', NULL, '6f34b5a6-687e-4559-b655-181156bd3fca', '83afe2a7-0e91-453e-a02a-1e372cd6ffdd', NULL, 'despesa', false, NULL, NULL, 1773264415476, false);
INSERT INTO transactions (id, user_id, concepte, data, import_trs, notes, compte_id, compte_desti_id, categoria_id, esdeveniment_id, event_tag_id, tipus, recurrent, liquidacio_persona_id, pagat_per_id, data_modificacio, eliminat) VALUES ('624eb19c-0caa-4dcb-9068-7da93aeb573a', 'usr_701e78a629ca02a4', 'Det Grønlandske Hus', 1765584000000, 58.42, 'Importat', 'c6883cae-c1e2-4889-aae6-bab2e820a112', NULL, '08aaceae-60b7-49d4-b789-2509737caf91', '83afe2a7-0e91-453e-a02a-1e372cd6ffdd', NULL, 'despesa', false, NULL, NULL, 1773264415476, false);
INSERT INTO transaction_splits (id, transaccio_id, persona_id, import_degut, data_modificacio, eliminat) VALUES ('2e1f5c3d-fd2e-410c-a832-9bbebfc92c27', '624eb19c-0caa-4dcb-9068-7da93aeb573a', 'fa57183c-1746-41aa-a3eb-12d3c8b75e41', 38.83, 1773264415476, false);
INSERT INTO transactions (id, user_id, concepte, data, import_trs, notes, compte_id, compte_desti_id, categoria_id, esdeveniment_id, event_tag_id, tipus, recurrent, liquidacio_persona_id, pagat_per_id, data_modificacio, eliminat) VALUES ('486f2718-52a5-46e3-bc4e-bbd86626be37', 'usr_701e78a629ca02a4', 'The Flying Chef', 1765670400000, 89.31, 'Importat', 'c6883cae-c1e2-4889-aae6-bab2e820a112', NULL, '50efd5be-3b8e-4d0b-a2eb-8880918f1478', '83afe2a7-0e91-453e-a02a-1e372cd6ffdd', NULL, 'despesa', false, NULL, NULL, 1773264415476, false);
INSERT INTO transaction_splits (id, transaccio_id, persona_id, import_degut, data_modificacio, eliminat) VALUES ('f5f3feb4-1ba8-44e7-a6b4-0903edf660fe', '486f2718-52a5-46e3-bc4e-bbd86626be37', 'fa57183c-1746-41aa-a3eb-12d3c8b75e41', 76.32, 1773264415476, false);
INSERT INTO transactions (id, user_id, concepte, data, import_trs, notes, compte_id, compte_desti_id, categoria_id, esdeveniment_id, event_tag_id, tipus, recurrent, liquidacio_persona_id, pagat_per_id, data_modificacio, eliminat) VALUES ('f2bb95dc-9b2b-4cdf-bd67-5cc32d92ae9d', 'usr_701e78a629ca02a4', 'Cafe Chillz', 1765670400000, 18.94, 'Importat', 'c6883cae-c1e2-4889-aae6-bab2e820a112', NULL, '6f34b5a6-687e-4559-b655-181156bd3fca', '83afe2a7-0e91-453e-a02a-1e372cd6ffdd', NULL, 'despesa', false, NULL, NULL, 1773264415476, false);
INSERT INTO transactions (id, user_id, concepte, data, import_trs, notes, compte_id, compte_desti_id, categoria_id, esdeveniment_id, event_tag_id, tipus, recurrent, liquidacio_persona_id, pagat_per_id, data_modificacio, eliminat) VALUES ('e117aab0-df1d-4129-9e99-e37b9b545b3b', 'usr_701e78a629ca02a4', 'DSB', 1765670400000, 16.12, 'Importat', 'c6883cae-c1e2-4889-aae6-bab2e820a112', NULL, 'd8466a45-f26e-4485-aa85-d12ddad916de', '83afe2a7-0e91-453e-a02a-1e372cd6ffdd', NULL, 'despesa', false, NULL, NULL, 1773264415476, false);
INSERT INTO transaction_splits (id, transaccio_id, persona_id, import_degut, data_modificacio, eliminat) VALUES ('9a373be5-dc21-47a6-bef5-9c55df9f2492', 'e117aab0-df1d-4129-9e99-e37b9b545b3b', 'fa57183c-1746-41aa-a3eb-12d3c8b75e41', 12.05, 1773264415476, false);
INSERT INTO transactions (id, user_id, concepte, data, import_trs, notes, compte_id, compte_desti_id, categoria_id, esdeveniment_id, event_tag_id, tipus, recurrent, liquidacio_persona_id, pagat_per_id, data_modificacio, eliminat) VALUES ('b81d8828-2550-4678-b422-56ddb76fa342', 'usr_701e78a629ca02a4', '7-Eleven', 1765670400000, 20.55, 'Importat', 'c6883cae-c1e2-4889-aae6-bab2e820a112', NULL, '50efd5be-3b8e-4d0b-a2eb-8880918f1478', '83afe2a7-0e91-453e-a02a-1e372cd6ffdd', NULL, 'despesa', false, NULL, NULL, 1773264415476, false);
INSERT INTO transactions (id, user_id, concepte, data, import_trs, notes, compte_id, compte_desti_id, categoria_id, esdeveniment_id, event_tag_id, tipus, recurrent, liquidacio_persona_id, pagat_per_id, data_modificacio, eliminat) VALUES ('c55cc9ff-ff39-441b-9394-7c2aaef641d8', 'usr_701e78a629ca02a4', 'Metro aeroport', 1765238400000, 4.02, NULL, NULL, NULL, 'd8466a45-f26e-4485-aa85-d12ddad916de', '83afe2a7-0e91-453e-a02a-1e372cd6ffdd', NULL, 'despesa', false, NULL, 'fa57183c-1746-41aa-a3eb-12d3c8b75e41', 1773264415476, false);
INSERT INTO transactions (id, user_id, concepte, data, import_trs, notes, compte_id, compte_desti_id, categoria_id, esdeveniment_id, event_tag_id, tipus, recurrent, liquidacio_persona_id, pagat_per_id, data_modificacio, eliminat) VALUES ('babf63e8-61f8-49ef-b84c-89990b8b6382', 'usr_701e78a629ca02a4', 'Esmorzar', 1765324800000, 12.63, NULL, NULL, NULL, '08aaceae-60b7-49d4-b789-2509737caf91', '83afe2a7-0e91-453e-a02a-1e372cd6ffdd', NULL, 'despesa', false, NULL, 'fa57183c-1746-41aa-a3eb-12d3c8b75e41', 1773264415476, false);
INSERT INTO transactions (id, user_id, concepte, data, import_trs, notes, compte_id, compte_desti_id, categoria_id, esdeveniment_id, event_tag_id, tipus, recurrent, liquidacio_persona_id, pagat_per_id, data_modificacio, eliminat) VALUES ('978968b8-1d80-4a36-9d89-a1d183baf9c0', 'usr_701e78a629ca02a4', 'Entrades Museu viking', 1765411200000, 11.72, NULL, NULL, NULL, 'e28c423a-28e3-47dc-ab69-fe76afade54a', '83afe2a7-0e91-453e-a02a-1e372cd6ffdd', NULL, 'despesa', false, NULL, 'fa57183c-1746-41aa-a3eb-12d3c8b75e41', 1773264415476, false);
INSERT INTO transactions (id, user_id, concepte, data, import_trs, notes, compte_id, compte_desti_id, categoria_id, esdeveniment_id, event_tag_id, tipus, recurrent, liquidacio_persona_id, pagat_per_id, data_modificacio, eliminat) VALUES ('38ef4a3b-70cc-438d-bae1-f8b15089cbca', 'usr_701e78a629ca02a4', 'Tren malmo', 1765497600000, 2.13, NULL, NULL, NULL, 'd8466a45-f26e-4485-aa85-d12ddad916de', '83afe2a7-0e91-453e-a02a-1e372cd6ffdd', NULL, 'despesa', false, NULL, 'fa57183c-1746-41aa-a3eb-12d3c8b75e41', 1773264415476, false);
INSERT INTO transactions (id, user_id, concepte, data, import_trs, notes, compte_id, compte_desti_id, categoria_id, esdeveniment_id, event_tag_id, tipus, recurrent, liquidacio_persona_id, pagat_per_id, data_modificacio, eliminat) VALUES ('e0ff7236-4c89-4a7c-b2d3-911150f6d68a', 'usr_701e78a629ca02a4', 'Tren malmo tornada', 1765497600000, 17.24, NULL, NULL, NULL, 'd8466a45-f26e-4485-aa85-d12ddad916de', '83afe2a7-0e91-453e-a02a-1e372cd6ffdd', NULL, 'despesa', false, NULL, 'fa57183c-1746-41aa-a3eb-12d3c8b75e41', 1773264415476, false);
INSERT INTO transactions (id, user_id, concepte, data, import_trs, notes, compte_id, compte_desti_id, categoria_id, esdeveniment_id, event_tag_id, tipus, recurrent, liquidacio_persona_id, pagat_per_id, data_modificacio, eliminat) VALUES ('182a2e37-7566-423a-88bf-0f1b0b583183', 'usr_701e78a629ca02a4', 'Roundtower', 1765584000000, 0.96, NULL, NULL, NULL, 'e28c423a-28e3-47dc-ab69-fe76afade54a', '83afe2a7-0e91-453e-a02a-1e372cd6ffdd', NULL, 'despesa', false, NULL, 'fa57183c-1746-41aa-a3eb-12d3c8b75e41', 1773264415476, false);
INSERT INTO transactions (id, user_id, concepte, data, import_trs, notes, compte_id, compte_desti_id, categoria_id, esdeveniment_id, event_tag_id, tipus, recurrent, liquidacio_persona_id, pagat_per_id, data_modificacio, eliminat) VALUES ('4ae33510-c5ef-466b-800f-041fb762868e', 'usr_701e78a629ca02a4', 'Retorn deute Jan', 1767139200000, 36, NULL, 'c39414c6-56b5-419b-85dd-bf96b5c72a7a', NULL, NULL, NULL, NULL, 'ingres', false, 'fa57183c-1746-41aa-a3eb-12d3c8b75e41', NULL, 1773264415476, false);
INSERT INTO transactions (id, user_id, concepte, data, import_trs, notes, compte_id, compte_desti_id, categoria_id, esdeveniment_id, event_tag_id, tipus, recurrent, liquidacio_persona_id, pagat_per_id, data_modificacio, eliminat) VALUES ('60270da3-96a3-4428-a975-a7300b4e4d38', 'usr_701e78a629ca02a4', 'Canvi divises', 1765756800000, 2.69, NULL, 'c6883cae-c1e2-4889-aae6-bab2e820a112', NULL, 'b234f87b-ae33-4472-a181-f0bbf251d88a', '83afe2a7-0e91-453e-a02a-1e372cd6ffdd', NULL, 'despesa', false, NULL, NULL, 1773264415476, false);
INSERT INTO transactions (id, user_id, concepte, data, import_trs, notes, compte_id, compte_desti_id, categoria_id, esdeveniment_id, event_tag_id, tipus, recurrent, liquidacio_persona_id, pagat_per_id, data_modificacio, eliminat) VALUES ('aec55028-60dc-4243-9d45-a6108154f616', 'usr_701e78a629ca02a4', 'retorn deute mama', 1767484800000, 79.73, NULL, 'c39414c6-56b5-419b-85dd-bf96b5c72a7a', NULL, NULL, NULL, NULL, 'ingres', false, '1c3eaa95-3295-495c-a1a6-ec847b5ad437', NULL, 1773264415476, false);
INSERT INTO transactions (id, user_id, concepte, data, import_trs, notes, compte_id, compte_desti_id, categoria_id, esdeveniment_id, event_tag_id, tipus, recurrent, liquidacio_persona_id, pagat_per_id, data_modificacio, eliminat) VALUES ('d2fae7e9-4042-4c59-b1b0-c8286b412805', 'usr_701e78a629ca02a4', 'Hp*instant gaming', 1767657600000, 5.89, NULL, 'c39414c6-56b5-419b-85dd-bf96b5c72a7a', NULL, 'b1d8a815-b31e-4082-a4ed-a82532b31e0e', NULL, NULL, 'despesa', false, NULL, NULL, 1773264415476, false);
INSERT INTO transaction_splits (id, transaccio_id, persona_id, import_degut, data_modificacio, eliminat) VALUES ('d10ecf69-fd31-40b3-a486-73dc1be65a96', 'd2fae7e9-4042-4c59-b1b0-c8286b412805', '90485494-f290-4107-9a51-ec3d018bd142', 5.89, 1773264415476, false);
INSERT INTO transactions (id, user_id, concepte, data, import_trs, notes, compte_id, compte_desti_id, categoria_id, esdeveniment_id, event_tag_id, tipus, recurrent, liquidacio_persona_id, pagat_per_id, data_modificacio, eliminat) VALUES ('a5632d86-fbf9-4fc4-915e-525ddff962e3', 'usr_701e78a629ca02a4', 'Steam purchase', 1767657600000, 9.99, 'Regal reis oriol', 'c39414c6-56b5-419b-85dd-bf96b5c72a7a', NULL, 'b1d8a815-b31e-4082-a4ed-a82532b31e0e', NULL, NULL, 'despesa', false, NULL, NULL, 1773264415476, false);
INSERT INTO transaction_splits (id, transaccio_id, persona_id, import_degut, data_modificacio, eliminat) VALUES ('c7898c59-33ad-4eb4-85fd-c8382e0448e0', 'a5632d86-fbf9-4fc4-915e-525ddff962e3', '90485494-f290-4107-9a51-ec3d018bd142', 9.99, 1773264415476, false);
INSERT INTO transactions (id, user_id, concepte, data, import_trs, notes, compte_id, compte_desti_id, categoria_id, esdeveniment_id, event_tag_id, tipus, recurrent, liquidacio_persona_id, pagat_per_id, data_modificacio, eliminat) VALUES ('6fb425bc-0f5c-40bb-bca1-2e18fa0e6d66', 'usr_701e78a629ca02a4', 'FGC MAE', 1767744000000, 12.55, 'T-casual jan', 'c39414c6-56b5-419b-85dd-bf96b5c72a7a', NULL, 'd8466a45-f26e-4485-aa85-d12ddad916de', NULL, NULL, 'despesa', false, NULL, NULL, 1773264415476, false);
INSERT INTO transaction_splits (id, transaccio_id, persona_id, import_degut, data_modificacio, eliminat) VALUES ('e0d84020-0ab7-4aa7-839d-006eb84381e2', '6fb425bc-0f5c-40bb-bca1-2e18fa0e6d66', '1c3eaa95-3295-495c-a1a6-ec847b5ad437', 12.55, 1773264415476, false);
INSERT INTO transactions (id, user_id, concepte, data, import_trs, notes, compte_id, compte_desti_id, categoria_id, esdeveniment_id, event_tag_id, tipus, recurrent, liquidacio_persona_id, pagat_per_id, data_modificacio, eliminat) VALUES ('ab75e076-3c6c-44ae-a9af-96270f266825', 'usr_701e78a629ca02a4', 'TRASPAS', 1767916800000, 200, 'Regal de reis iaia', 'c39414c6-56b5-419b-85dd-bf96b5c72a7a', NULL, 'f9fa6a71-3802-454c-b1fb-0ef400396341', NULL, NULL, 'ingres', false, NULL, NULL, 1773264415476, false);
INSERT INTO transactions (id, user_id, concepte, data, import_trs, notes, compte_id, compte_desti_id, categoria_id, esdeveniment_id, event_tag_id, tipus, recurrent, liquidacio_persona_id, pagat_per_id, data_modificacio, eliminat) VALUES ('b54f869a-a380-41b9-995c-c68a45875f67', 'usr_701e78a629ca02a4', 'TMB APP', 1767916800000, 35.2, 'T-Jove família nombrosa', 'c39414c6-56b5-419b-85dd-bf96b5c72a7a', NULL, 'd8466a45-f26e-4485-aa85-d12ddad916de', NULL, NULL, 'despesa', false, NULL, NULL, 1773264415476, false);
INSERT INTO transaction_splits (id, transaccio_id, persona_id, import_degut, data_modificacio, eliminat) VALUES ('cbc81175-c7b6-4de7-a417-66992861253f', 'b54f869a-a380-41b9-995c-c68a45875f67', '1c3eaa95-3295-495c-a1a6-ec847b5ad437', 35.2, 1773264415476, false);
INSERT INTO transactions (id, user_id, concepte, data, import_trs, notes, compte_id, compte_desti_id, categoria_id, esdeveniment_id, event_tag_id, tipus, recurrent, liquidacio_persona_id, pagat_per_id, data_modificacio, eliminat) VALUES ('d6ef9d3e-ee8f-4f44-a5b0-4da02b865322', 'usr_701e78a629ca02a4', 'BIZUM REBUT', 1767916800000, 10, 'Regal papa per posar-li el bizum', 'c39414c6-56b5-419b-85dd-bf96b5c72a7a', NULL, '15b7d14f-f6ef-4d56-8de8-91eeabdd219d', NULL, NULL, 'ingres', false, NULL, NULL, 1773264415476, false);
INSERT INTO transactions (id, user_id, concepte, data, import_trs, notes, compte_id, compte_desti_id, categoria_id, esdeveniment_id, event_tag_id, tipus, recurrent, liquidacio_persona_id, pagat_per_id, data_modificacio, eliminat) VALUES ('390d5896-f2aa-45a2-87ca-834d17a02d4f', 'usr_701e78a629ca02a4', 'SUPERMERCADO ROGE', 1768003200000, 2.85, 'Acuarius post partit', 'c39414c6-56b5-419b-85dd-bf96b5c72a7a', NULL, '50efd5be-3b8e-4d0b-a2eb-8880918f1478', NULL, NULL, 'despesa', false, NULL, NULL, 1773264415476, false);
INSERT INTO transactions (id, user_id, concepte, data, import_trs, notes, compte_id, compte_desti_id, categoria_id, esdeveniment_id, event_tag_id, tipus, recurrent, liquidacio_persona_id, pagat_per_id, data_modificacio, eliminat) VALUES ('96e9ae9c-92f4-4b0c-8c95-8d6c586dabf0', 'usr_701e78a629ca02a4', 'Apple Cloud', 1768176000000, 2.99, NULL, 'c39414c6-56b5-419b-85dd-bf96b5c72a7a', NULL, '858f8086-0d7a-455a-b9de-794472e3c8a9', NULL, NULL, 'despesa', false, NULL, NULL, 1773264415476, false);
INSERT INTO transactions (id, user_id, concepte, data, import_trs, notes, compte_id, compte_desti_id, categoria_id, esdeveniment_id, event_tag_id, tipus, recurrent, liquidacio_persona_id, pagat_per_id, data_modificacio, eliminat) VALUES ('18cbae8c-58d3-4ee1-a398-d82d410b2891', 'usr_701e78a629ca02a4', 'Apple TV', 1768176000000, 9.99, NULL, 'c39414c6-56b5-419b-85dd-bf96b5c72a7a', NULL, '858f8086-0d7a-455a-b9de-794472e3c8a9', NULL, NULL, 'despesa', false, NULL, NULL, 1773264415476, false);
INSERT INTO transaction_splits (id, transaccio_id, persona_id, import_degut, data_modificacio, eliminat) VALUES ('4f2a17df-102c-46e1-98d0-996dfb0207cf', '18cbae8c-58d3-4ee1-a398-d82d410b2891', '1c3eaa95-3295-495c-a1a6-ec847b5ad437', 9.99, 1773264415476, false);
INSERT INTO transactions (id, user_id, concepte, data, import_trs, notes, compte_id, compte_desti_id, categoria_id, esdeveniment_id, event_tag_id, tipus, recurrent, liquidacio_persona_id, pagat_per_id, data_modificacio, eliminat) VALUES ('9c76981e-3a1c-4c0a-b745-1ebc8e40b0ba', 'usr_701e78a629ca02a4', 'Aquarius Cai ', 1768176000000, 2.8, NULL, 'c39414c6-56b5-419b-85dd-bf96b5c72a7a', NULL, '50efd5be-3b8e-4d0b-a2eb-8880918f1478', NULL, NULL, 'despesa', false, NULL, NULL, 1773264415476, false);
INSERT INTO transaction_splits (id, transaccio_id, persona_id, import_degut, data_modificacio, eliminat) VALUES ('7a7331ed-70ee-48fb-8918-dd6e4bba1bf4', '9c76981e-3a1c-4c0a-b745-1ebc8e40b0ba', '1c3eaa95-3295-495c-a1a6-ec847b5ad437', 2.8, 1773264415476, false);
INSERT INTO transactions (id, user_id, concepte, data, import_trs, notes, compte_id, compte_desti_id, categoria_id, esdeveniment_id, event_tag_id, tipus, recurrent, liquidacio_persona_id, pagat_per_id, data_modificacio, eliminat) VALUES ('0ad3f432-cdf5-4ad9-8c90-ca0de55356aa', 'usr_701e78a629ca02a4', 'Carnet jove', 1768348800000, 8.65, NULL, 'c39414c6-56b5-419b-85dd-bf96b5c72a7a', NULL, '858f8086-0d7a-455a-b9de-794472e3c8a9', NULL, NULL, 'despesa', false, NULL, NULL, 1773264415476, false);
INSERT INTO transactions (id, user_id, concepte, data, import_trs, notes, compte_id, compte_desti_id, categoria_id, esdeveniment_id, event_tag_id, tipus, recurrent, liquidacio_persona_id, pagat_per_id, data_modificacio, eliminat) VALUES ('f61b72a5-124f-483c-a39b-aa3961f15f51', 'usr_701e78a629ca02a4', 'ChatGPT', 1768694400000, 20.89, NULL, 'c39414c6-56b5-419b-85dd-bf96b5c72a7a', NULL, '858f8086-0d7a-455a-b9de-794472e3c8a9', NULL, NULL, 'despesa', false, NULL, NULL, 1773264415476, false);
INSERT INTO transaction_splits (id, transaccio_id, persona_id, import_degut, data_modificacio, eliminat) VALUES ('925a7395-a169-4fd8-9ce1-1080de7276f6', 'f61b72a5-124f-483c-a39b-aa3961f15f51', '1c3eaa95-3295-495c-a1a6-ec847b5ad437', 10.45, 1773264415476, false);
INSERT INTO transactions (id, user_id, concepte, data, import_trs, notes, compte_id, compte_desti_id, categoria_id, esdeveniment_id, event_tag_id, tipus, recurrent, liquidacio_persona_id, pagat_per_id, data_modificacio, eliminat) VALUES ('c0f0ec5b-fc25-4911-83f5-7819b1afd616', 'usr_701e78a629ca02a4', 'Steam Soviet workers', 1768694400000, 9.99, NULL, 'c39414c6-56b5-419b-85dd-bf96b5c72a7a', NULL, 'b1d8a815-b31e-4082-a4ed-a82532b31e0e', NULL, NULL, 'despesa', false, NULL, NULL, 1773264415476, false);
INSERT INTO transactions (id, user_id, concepte, data, import_trs, notes, compte_id, compte_desti_id, categoria_id, esdeveniment_id, event_tag_id, tipus, recurrent, liquidacio_persona_id, pagat_per_id, data_modificacio, eliminat) VALUES ('84d638b3-3958-495d-a06c-ff93586020ad', 'usr_701e78a629ca02a4', 'Retorn Cai', 1769212800000, 15.88, NULL, 'c39414c6-56b5-419b-85dd-bf96b5c72a7a', NULL, NULL, NULL, NULL, 'ingres', false, '90485494-f290-4107-9a51-ec3d018bd142', NULL, 1773264415476, false);
INSERT INTO transactions (id, user_id, concepte, data, import_trs, notes, compte_id, compte_desti_id, categoria_id, esdeveniment_id, event_tag_id, tipus, recurrent, liquidacio_persona_id, pagat_per_id, data_modificacio, eliminat) VALUES ('117122da-df0e-484a-998f-0d0feae708af', 'usr_701e78a629ca02a4', 'Retorn ViatgeCopenhaguen', 1769212800000, 99.11, NULL, 'c39414c6-56b5-419b-85dd-bf96b5c72a7a', NULL, NULL, NULL, NULL, 'ingres', false, 'fa57183c-1746-41aa-a3eb-12d3c8b75e41', NULL, 1773264415476, false);
INSERT INTO transactions (id, user_id, concepte, data, import_trs, notes, compte_id, compte_desti_id, categoria_id, esdeveniment_id, event_tag_id, tipus, recurrent, liquidacio_persona_id, pagat_per_id, data_modificacio, eliminat) VALUES ('2fcc0a91-44a6-4edd-944b-dd42bd7e28ba', 'usr_701e78a629ca02a4', 'Apple Icloud', 1769472000000, 8.45, NULL, 'c39414c6-56b5-419b-85dd-bf96b5c72a7a', NULL, '858f8086-0d7a-455a-b9de-794472e3c8a9', NULL, NULL, 'despesa', false, NULL, NULL, 1773264415476, false);
INSERT INTO transactions (id, user_id, concepte, data, import_trs, notes, compte_id, compte_desti_id, categoria_id, esdeveniment_id, event_tag_id, tipus, recurrent, liquidacio_persona_id, pagat_per_id, data_modificacio, eliminat) VALUES ('0adeeb9b-c8e4-4a53-a29d-dc55457c7b96', 'usr_701e78a629ca02a4', 'Nomina Gener', 1769558400000, 740.21, NULL, 'c39414c6-56b5-419b-85dd-bf96b5c72a7a', NULL, '7d8e13ae-894f-44eb-b71d-292b89fb56b8', NULL, NULL, 'ingres', false, NULL, NULL, 1773264415476, false);
INSERT INTO transactions (id, user_id, concepte, data, import_trs, notes, compte_id, compte_desti_id, categoria_id, esdeveniment_id, event_tag_id, tipus, recurrent, liquidacio_persona_id, pagat_per_id, data_modificacio, eliminat) VALUES ('adc56088-26a3-4751-b102-128efca9c77d', 'usr_701e78a629ca02a4', 'TRANSFERENCIA enviada a Estalvis - Imagin', 1769558400000, 500, NULL, 'c39414c6-56b5-419b-85dd-bf96b5c72a7a', '0e75ae44-3e6e-4c74-af37-4f1b4d0f48d4', NULL, NULL, NULL, 'transferencia', false, NULL, NULL, 1773264415476, false);
INSERT INTO transactions (id, user_id, concepte, data, import_trs, notes, compte_id, compte_desti_id, categoria_id, esdeveniment_id, event_tag_id, tipus, recurrent, liquidacio_persona_id, pagat_per_id, data_modificacio, eliminat) VALUES ('dda07cf1-e41c-4db6-918c-26b7be484349', 'usr_701e78a629ca02a4', 'Pasticeria Sieni', 1769644800000, 25.5, NULL, 'c39414c6-56b5-419b-85dd-bf96b5c72a7a', NULL, '08aaceae-60b7-49d4-b789-2509737caf91', NULL, NULL, 'despesa', false, NULL, NULL, 1773264415476, false);
INSERT INTO transaction_splits (id, transaccio_id, persona_id, import_degut, data_modificacio, eliminat) VALUES ('d5415a10-87ee-4ecd-97a3-a7ca20ce68a1', 'dda07cf1-e41c-4db6-918c-26b7be484349', '1c3eaa95-3295-495c-a1a6-ec847b5ad437', 25.5, 1773264415476, false);
INSERT INTO transactions (id, user_id, concepte, data, import_trs, notes, compte_id, compte_desti_id, categoria_id, esdeveniment_id, event_tag_id, tipus, recurrent, liquidacio_persona_id, pagat_per_id, data_modificacio, eliminat) VALUES ('1322d033-2134-4028-ad79-6ff45a3bf627', 'usr_701e78a629ca02a4', 'TRANSFERENCIA enviada a Estalvis - Imagin', 1769731200000, 500, NULL, 'c39414c6-56b5-419b-85dd-bf96b5c72a7a', '0e75ae44-3e6e-4c74-af37-4f1b4d0f48d4', NULL, NULL, NULL, 'transferencia', false, NULL, NULL, 1773264415476, false);
INSERT INTO transactions (id, user_id, concepte, data, import_trs, notes, compte_id, compte_desti_id, categoria_id, esdeveniment_id, event_tag_id, tipus, recurrent, liquidacio_persona_id, pagat_per_id, data_modificacio, eliminat) VALUES ('d94ca3b1-8ec4-4c51-9d09-31fde3d8d896', 'usr_701e78a629ca02a4', 'Ingrés mama', 1769731200000, 150, NULL, 'c39414c6-56b5-419b-85dd-bf96b5c72a7a', NULL, '825de6cd-21e3-441a-b8f2-81e6296185ba', NULL, NULL, 'ingres', false, NULL, NULL, 1773264415476, false);
INSERT INTO transactions (id, user_id, concepte, data, import_trs, notes, compte_id, compte_desti_id, categoria_id, esdeveniment_id, event_tag_id, tipus, recurrent, liquidacio_persona_id, pagat_per_id, data_modificacio, eliminat) VALUES ('f332c154-ce50-44d9-a9c2-773dd809ddf4', 'usr_701e78a629ca02a4', 'Ingrés mama', 1769731200000, 0, NULL, 'c39414c6-56b5-419b-85dd-bf96b5c72a7a', NULL, '825de6cd-21e3-441a-b8f2-81e6296185ba', NULL, NULL, 'ingres', false, NULL, NULL, 1773264415476, false);
INSERT INTO transactions (id, user_id, concepte, data, import_trs, notes, compte_id, compte_desti_id, categoria_id, esdeveniment_id, event_tag_id, tipus, recurrent, liquidacio_persona_id, pagat_per_id, data_modificacio, eliminat) VALUES ('1dbbbe79-4361-41e7-bb49-8daa59a678ca', 'usr_701e78a629ca02a4', 'Duolingo suscripció 1 any', 1769731200000, 71.9, NULL, 'c39414c6-56b5-419b-85dd-bf96b5c72a7a', NULL, '8e293fa6-2b2d-4b10-b541-3e2a4b213d39', NULL, NULL, 'despesa', false, NULL, NULL, 1773264415476, false);
INSERT INTO transactions (id, user_id, concepte, data, import_trs, notes, compte_id, compte_desti_id, categoria_id, esdeveniment_id, event_tag_id, tipus, recurrent, liquidacio_persona_id, pagat_per_id, data_modificacio, eliminat) VALUES ('03a812bd-96e0-4968-bf71-8adade7f073b', 'usr_701e78a629ca02a4', 'Tren siena florencia', 1769817600000, 30.6, NULL, 'c39414c6-56b5-419b-85dd-bf96b5c72a7a', NULL, 'd8466a45-f26e-4485-aa85-d12ddad916de', NULL, NULL, 'despesa', false, NULL, NULL, 1773264415476, false);
INSERT INTO transaction_splits (id, transaccio_id, persona_id, import_degut, data_modificacio, eliminat) VALUES ('ec2bad56-e9c4-4458-bd11-ada7442fb8bf', '03a812bd-96e0-4968-bf71-8adade7f073b', '1c3eaa95-3295-495c-a1a6-ec847b5ad437', 30.6, 1773264415476, false);
INSERT INTO transactions (id, user_id, concepte, data, import_trs, notes, compte_id, compte_desti_id, categoria_id, esdeveniment_id, event_tag_id, tipus, recurrent, liquidacio_persona_id, pagat_per_id, data_modificacio, eliminat) VALUES ('8d8cb9f6-973c-4793-b737-ee0c9d6205b2', 'usr_701e78a629ca02a4', 'Lambrotte (entrepà de estómac)', 1769817600000, 16, NULL, 'c39414c6-56b5-419b-85dd-bf96b5c72a7a', NULL, '08aaceae-60b7-49d4-b789-2509737caf91', NULL, NULL, 'despesa', false, NULL, NULL, 1773264415476, false);
INSERT INTO transaction_splits (id, transaccio_id, persona_id, import_degut, data_modificacio, eliminat) VALUES ('781323fb-a944-4c19-a3cd-323ca2e476a7', '8d8cb9f6-973c-4793-b737-ee0c9d6205b2', '1c3eaa95-3295-495c-a1a6-ec847b5ad437', 16, 1773264415476, false);
INSERT INTO transactions (id, user_id, concepte, data, import_trs, notes, compte_id, compte_desti_id, categoria_id, esdeveniment_id, event_tag_id, tipus, recurrent, liquidacio_persona_id, pagat_per_id, data_modificacio, eliminat) VALUES ('045e990a-a9ff-42b7-bbda-7cc42f052793', 'usr_701e78a629ca02a4', 'Canvi divisa devolució perplexity', 1769817600000, 0.22, NULL, 'c39414c6-56b5-419b-85dd-bf96b5c72a7a', NULL, 'b234f87b-ae33-4472-a181-f0bbf251d88a', NULL, NULL, 'despesa', false, NULL, NULL, 1773264415476, false);
INSERT INTO transactions (id, user_id, concepte, data, import_trs, notes, compte_id, compte_desti_id, categoria_id, esdeveniment_id, event_tag_id, tipus, recurrent, liquidacio_persona_id, pagat_per_id, data_modificacio, eliminat) VALUES ('2799ed71-2697-4d0d-bb4e-5140135a2593', 'usr_701e78a629ca02a4', 'Gelat dia pasta', 1769904000000, 10, NULL, 'c39414c6-56b5-419b-85dd-bf96b5c72a7a', NULL, '63eac700-2eb7-49d2-9f73-d76f48588c95', NULL, NULL, 'despesa', false, NULL, NULL, 1773264415476, false);
INSERT INTO transaction_splits (id, transaccio_id, persona_id, import_degut, data_modificacio, eliminat) VALUES ('3b110928-5f40-4fc8-a350-b2e86abaef7c', '2799ed71-2697-4d0d-bb4e-5140135a2593', '1c3eaa95-3295-495c-a1a6-ec847b5ad437', 10, 1773264415476, false);
INSERT INTO transactions (id, user_id, concepte, data, import_trs, notes, compte_id, compte_desti_id, categoria_id, esdeveniment_id, event_tag_id, tipus, recurrent, liquidacio_persona_id, pagat_per_id, data_modificacio, eliminat) VALUES ('826ab66f-fbd9-4ef7-8178-869b27a88075', 'usr_701e78a629ca02a4', 'Tramvia aeroport', 1769904000000, 5.1, NULL, 'c39414c6-56b5-419b-85dd-bf96b5c72a7a', NULL, 'd8466a45-f26e-4485-aa85-d12ddad916de', NULL, NULL, 'despesa', false, NULL, NULL, 1773264415476, false);
INSERT INTO transaction_splits (id, transaccio_id, persona_id, import_degut, data_modificacio, eliminat) VALUES ('996cbe6e-9ccd-4a37-80b2-c166ac4e777c', '826ab66f-fbd9-4ef7-8178-869b27a88075', '1c3eaa95-3295-495c-a1a6-ec847b5ad437', 5.1, 1773264415476, false);
INSERT INTO transactions (id, user_id, concepte, data, import_trs, notes, compte_id, compte_desti_id, categoria_id, esdeveniment_id, event_tag_id, tipus, recurrent, liquidacio_persona_id, pagat_per_id, data_modificacio, eliminat) VALUES ('d7801724-c951-420d-abc2-11634fb3a4a3', 'usr_701e78a629ca02a4', 'Pàdel bàsquet', 1770336000000, 12.93, NULL, 'c39414c6-56b5-419b-85dd-bf96b5c72a7a', NULL, 'd0dc32b1-e1eb-407e-84d3-1c4489420cef', NULL, NULL, 'despesa', false, NULL, NULL, 1773264415476, false);
INSERT INTO transactions (id, user_id, concepte, data, import_trs, notes, compte_id, compte_desti_id, categoria_id, esdeveniment_id, event_tag_id, tipus, recurrent, liquidacio_persona_id, pagat_per_id, data_modificacio, eliminat) VALUES ('a04ae193-bcca-4c88-a22a-e30eac8fe95b', 'usr_701e78a629ca02a4', 'Retorn Mama', 1770422400000, 158.19, NULL, 'c39414c6-56b5-419b-85dd-bf96b5c72a7a', NULL, NULL, NULL, NULL, 'ingres', false, '1c3eaa95-3295-495c-a1a6-ec847b5ad437', NULL, 1773264415476, false);
INSERT INTO transactions (id, user_id, concepte, data, import_trs, notes, compte_id, compte_desti_id, categoria_id, esdeveniment_id, event_tag_id, tipus, recurrent, liquidacio_persona_id, pagat_per_id, data_modificacio, eliminat) VALUES ('77def857-e601-45d3-addc-67a49db7305b', 'usr_701e78a629ca02a4', 'Dinar Korea bbq cosins', 1770422400000, 30.4, NULL, 'c39414c6-56b5-419b-85dd-bf96b5c72a7a', NULL, '08aaceae-60b7-49d4-b789-2509737caf91', NULL, NULL, 'despesa', false, NULL, NULL, 1773264415476, false);
INSERT INTO transactions (id, user_id, concepte, data, import_trs, notes, compte_id, compte_desti_id, categoria_id, esdeveniment_id, event_tag_id, tipus, recurrent, liquidacio_persona_id, pagat_per_id, data_modificacio, eliminat) VALUES ('45cd6557-cab5-48fe-8f94-eabe5c8bac53', 'usr_701e78a629ca02a4', 'Gelateria cosins', 1770422400000, 25, NULL, 'c39414c6-56b5-419b-85dd-bf96b5c72a7a', NULL, '63eac700-2eb7-49d2-9f73-d76f48588c95', NULL, NULL, 'despesa', false, NULL, NULL, 1773264415476, false);
INSERT INTO transactions (id, user_id, concepte, data, import_trs, notes, compte_id, compte_desti_id, categoria_id, esdeveniment_id, event_tag_id, tipus, recurrent, liquidacio_persona_id, pagat_per_id, data_modificacio, eliminat) VALUES ('ff59ac85-3784-48c6-8baa-cdf48e36e331', 'usr_701e78a629ca02a4', 'Bowling Cosins', 1770422400000, 23.8, NULL, 'c39414c6-56b5-419b-85dd-bf96b5c72a7a', NULL, '2fac7a9e-1dd6-4431-8fa8-98505250b380', NULL, NULL, 'despesa', false, NULL, NULL, 1773264415476, false);
INSERT INTO transactions (id, user_id, concepte, data, import_trs, notes, compte_id, compte_desti_id, categoria_id, esdeveniment_id, event_tag_id, tipus, recurrent, liquidacio_persona_id, pagat_per_id, data_modificacio, eliminat) VALUES ('0c4aac53-3a82-44c6-9aa2-271ba4794710', 'usr_701e78a629ca02a4', 'STEAM - RailRoute', 1770595200000, 11.12, NULL, 'c39414c6-56b5-419b-85dd-bf96b5c72a7a', NULL, 'b1d8a815-b31e-4082-a4ed-a82532b31e0e', NULL, NULL, 'despesa', false, NULL, NULL, 1773264415476, false);
INSERT INTO transactions (id, user_id, concepte, data, import_trs, notes, compte_id, compte_desti_id, categoria_id, esdeveniment_id, event_tag_id, tipus, recurrent, liquidacio_persona_id, pagat_per_id, data_modificacio, eliminat) VALUES ('cb09b538-488a-45e2-b109-1d5a2b69c9db', 'usr_701e78a629ca02a4', 'STEAM - Whiskierwood', 1770595200000, 13.58, NULL, 'c39414c6-56b5-419b-85dd-bf96b5c72a7a', NULL, 'b1d8a815-b31e-4082-a4ed-a82532b31e0e', NULL, NULL, 'despesa', false, NULL, NULL, 1773264415476, false);
INSERT INTO transactions (id, user_id, concepte, data, import_trs, notes, compte_id, compte_desti_id, categoria_id, esdeveniment_id, event_tag_id, tipus, recurrent, liquidacio_persona_id, pagat_per_id, data_modificacio, eliminat) VALUES ('00e80210-66e3-4c3d-abce-7833db9819ef', 'usr_701e78a629ca02a4', 'Apple TV', 1770854400000, 9.99, NULL, 'c39414c6-56b5-419b-85dd-bf96b5c72a7a', NULL, 'b1d8a815-b31e-4082-a4ed-a82532b31e0e', NULL, NULL, 'despesa', false, NULL, NULL, 1773264415476, false);
INSERT INTO transaction_splits (id, transaccio_id, persona_id, import_degut, data_modificacio, eliminat) VALUES ('458e5273-354d-4318-a1f0-79ab8379ae99', '00e80210-66e3-4c3d-abce-7833db9819ef', '1c3eaa95-3295-495c-a1a6-ec847b5ad437', 9.99, 1773264415476, false);
INSERT INTO transactions (id, user_id, concepte, data, import_trs, notes, compte_id, compte_desti_id, categoria_id, esdeveniment_id, event_tag_id, tipus, recurrent, liquidacio_persona_id, pagat_per_id, data_modificacio, eliminat) VALUES ('5a12063c-e4a3-4111-a5cd-307f55f04689', 'usr_701e78a629ca02a4', 'ChatGPT', 1771372800000, 20.5, NULL, 'c39414c6-56b5-419b-85dd-bf96b5c72a7a', NULL, '858f8086-0d7a-455a-b9de-794472e3c8a9', NULL, NULL, 'despesa', false, NULL, NULL, 1773264415476, false);
INSERT INTO transaction_splits (id, transaccio_id, persona_id, import_degut, data_modificacio, eliminat) VALUES ('74406902-5e8c-411d-9aeb-5097ca0e9fcd', '5a12063c-e4a3-4111-a5cd-307f55f04689', '1c3eaa95-3295-495c-a1a6-ec847b5ad437', 10.25, 1773264415476, false);
INSERT INTO transactions (id, user_id, concepte, data, import_trs, notes, compte_id, compte_desti_id, categoria_id, esdeveniment_id, event_tag_id, tipus, recurrent, liquidacio_persona_id, pagat_per_id, data_modificacio, eliminat) VALUES ('f9a23c33-f4b6-414d-a670-d5649171c103', 'usr_701e78a629ca02a4', 'Sopar pizzes ', 1771372800000, 7, NULL, 'c39414c6-56b5-419b-85dd-bf96b5c72a7a', NULL, '63eac700-2eb7-49d2-9f73-d76f48588c95', NULL, NULL, 'despesa', false, NULL, NULL, 1773264415476, false);
INSERT INTO transactions (id, user_id, concepte, data, import_trs, notes, compte_id, compte_desti_id, categoria_id, esdeveniment_id, event_tag_id, tipus, recurrent, liquidacio_persona_id, pagat_per_id, data_modificacio, eliminat) VALUES ('e919baf3-e4c0-4dca-b513-3620c23fe97a', 'usr_701e78a629ca02a4', 'Finde Urus sunion', 1771718400000, 40.39, NULL, 'c39414c6-56b5-419b-85dd-bf96b5c72a7a', NULL, '50efd5be-3b8e-4d0b-a2eb-8880918f1478', NULL, NULL, 'despesa', false, NULL, NULL, 1773264415476, false);
INSERT INTO transactions (id, user_id, concepte, data, import_trs, notes, compte_id, compte_desti_id, categoria_id, esdeveniment_id, event_tag_id, tipus, recurrent, liquidacio_persona_id, pagat_per_id, data_modificacio, eliminat) VALUES ('4b274dc9-54c3-40e4-9bed-3baba2b387eb', 'usr_701e78a629ca02a4', 'Nomina febrer', 1771977600000, 1389.38, NULL, 'c39414c6-56b5-419b-85dd-bf96b5c72a7a', NULL, '7d8e13ae-894f-44eb-b71d-292b89fb56b8', NULL, NULL, 'ingres', false, NULL, NULL, 1773264415476, false);
INSERT INTO transactions (id, user_id, concepte, data, import_trs, notes, compte_id, compte_desti_id, categoria_id, esdeveniment_id, event_tag_id, tipus, recurrent, liquidacio_persona_id, pagat_per_id, data_modificacio, eliminat) VALUES ('ad4adb54-06e1-4095-92ed-9b1b14b05c9c', 'usr_701e78a629ca02a4', 'Apple cloud', 1772150400000, 9.99, NULL, 'c39414c6-56b5-419b-85dd-bf96b5c72a7a', NULL, '858f8086-0d7a-455a-b9de-794472e3c8a9', NULL, NULL, 'despesa', false, NULL, NULL, 1773264415476, false);
INSERT INTO transactions (id, user_id, concepte, data, import_trs, notes, compte_id, compte_desti_id, categoria_id, esdeveniment_id, event_tag_id, tipus, recurrent, liquidacio_persona_id, pagat_per_id, data_modificacio, eliminat) VALUES ('a78163dd-7281-45f3-a8a3-699cd996e566', 'usr_701e78a629ca02a4', 'Perruqueria', 1772150400000, 18, NULL, 'c39414c6-56b5-419b-85dd-bf96b5c72a7a', NULL, 'd7874cad-6cba-400d-96fa-c03e572e4b72', NULL, NULL, 'despesa', false, NULL, NULL, 1773264415476, false);
INSERT INTO transactions (id, user_id, concepte, data, import_trs, notes, compte_id, compte_desti_id, categoria_id, esdeveniment_id, event_tag_id, tipus, recurrent, liquidacio_persona_id, pagat_per_id, data_modificacio, eliminat) VALUES ('224b1c39-e4fa-4b0a-99b9-4983eb74f870', 'usr_701e78a629ca02a4', 'KFC sopar (mexic)', 1772150400000, 27, NULL, 'c39414c6-56b5-419b-85dd-bf96b5c72a7a', NULL, '08aaceae-60b7-49d4-b789-2509737caf91', NULL, NULL, 'despesa', false, NULL, NULL, 1773264415476, false);
INSERT INTO transactions (id, user_id, concepte, data, import_trs, notes, compte_id, compte_desti_id, categoria_id, esdeveniment_id, event_tag_id, tipus, recurrent, liquidacio_persona_id, pagat_per_id, data_modificacio, eliminat) VALUES ('df303e4b-ab91-4539-b036-d7b8813b72fd', 'usr_701e78a629ca02a4', 'CLAUDE AI', 1772323200000, 21.78, NULL, 'c39414c6-56b5-419b-85dd-bf96b5c72a7a', NULL, '858f8086-0d7a-455a-b9de-794472e3c8a9', NULL, NULL, 'despesa', false, NULL, NULL, 1773264415476, false);
INSERT INTO transaction_splits (id, transaccio_id, persona_id, import_degut, data_modificacio, eliminat) VALUES ('77cefc29-fccf-4bc0-b254-2b82efdfd0b2', 'df303e4b-ab91-4539-b036-d7b8813b72fd', '1c3eaa95-3295-495c-a1a6-ec847b5ad437', 10.89, 1773264415476, false);
INSERT INTO transactions (id, user_id, concepte, data, import_trs, notes, compte_id, compte_desti_id, categoria_id, esdeveniment_id, event_tag_id, tipus, recurrent, liquidacio_persona_id, pagat_per_id, data_modificacio, eliminat) VALUES ('1e9ddbfc-c470-462d-9bc2-9036051aa1e6', 'usr_701e78a629ca02a4', 'TRANSFERENCIA enviada a Estalvis - Imagin', 1772236800000, 2000, NULL, 'c39414c6-56b5-419b-85dd-bf96b5c72a7a', '0e75ae44-3e6e-4c74-af37-4f1b4d0f48d4', NULL, NULL, NULL, 'transferencia', false, NULL, NULL, 1773264415476, false);
INSERT INTO transactions (id, user_id, concepte, data, import_trs, notes, compte_id, compte_desti_id, categoria_id, esdeveniment_id, event_tag_id, tipus, recurrent, liquidacio_persona_id, pagat_per_id, data_modificacio, eliminat) VALUES ('458f98fe-6d95-445d-bf9d-a6f5961d39c3', 'usr_701e78a629ca02a4', 'Regal Cai (anduril)', 1772323200000, 140.48, NULL, 'c39414c6-56b5-419b-85dd-bf96b5c72a7a', NULL, 'cbcbf53b-8b2d-447f-9251-fb9443c0eff0', NULL, NULL, 'despesa', false, NULL, NULL, 1773264415476, false);
INSERT INTO transaction_splits (id, transaccio_id, persona_id, import_degut, data_modificacio, eliminat) VALUES ('7341ffc4-2ffb-429f-8324-e57ddf24a158', '458f98fe-6d95-445d-bf9d-a6f5961d39c3', '1c3eaa95-3295-495c-a1a6-ec847b5ad437', 140.48, 1773264415476, false);
INSERT INTO transactions (id, user_id, concepte, data, import_trs, notes, compte_id, compte_desti_id, categoria_id, esdeveniment_id, event_tag_id, tipus, recurrent, liquidacio_persona_id, pagat_per_id, data_modificacio, eliminat) VALUES ('27dae95f-12f1-401a-af78-f0776e9582ea', 'usr_701e78a629ca02a4', 'ROC COMPRA AMAZON', 1772323200000, 0.01, NULL, 'c39414c6-56b5-419b-85dd-bf96b5c72a7a', NULL, '4b0b9500-054b-4695-8e46-862755ab298c', NULL, NULL, 'ingres', false, NULL, NULL, 1773264415476, false);
INSERT INTO transactions (id, user_id, concepte, data, import_trs, notes, compte_id, compte_desti_id, categoria_id, esdeveniment_id, event_tag_id, tipus, recurrent, liquidacio_persona_id, pagat_per_id, data_modificacio, eliminat) VALUES ('c1656d9f-6b25-4a8b-aaab-4330ba68238e', 'usr_701e78a629ca02a4', 'Sopar patró frankfurt', 1772668800000, 7, NULL, 'c39414c6-56b5-419b-85dd-bf96b5c72a7a', NULL, '08aaceae-60b7-49d4-b789-2509737caf91', NULL, NULL, 'despesa', false, NULL, NULL, 1773264415476, false);

COMMIT;